Copyright 1986-2022 Xilinx, Inc. All Rights Reserved.
-----------------------------------------------------------------------------------------------------------------------------------------------------------
| Tool Version : Vivado v.2022.2 (lin64) Build 3671981 Fri Oct 14 04:59:54 MDT 2022
| Date         : Wed Oct  7 04:19:54 2026
| Host         : tuansuytu running 64-bit Ubuntu 26.04.1 LTS
| Command      : report_utilization -hierarchical -file /mnt/windows-data/VSCode/Github/Gitpush/frodokem-fpga/build-pio/run.n0dvRZ/project/utilization.rpt
| Design       : system_wrapper
| Device       : xck26-sfvc784-2LV-c
| Speed File   : -2LV
| Design State : Routed
-----------------------------------------------------------------------------------------------------------------------------------------------------------

Utilization Design Information

Table of Contents
-----------------
1. Utilization by Hierarchy

1. Utilization by Hierarchy
---------------------------

+------------------------------------------------------------+-----------------------------------------------------------------+------------+------------+---------+------+-------+--------+--------+------+------------+
|                          Instance                          |                              Module                             | Total LUTs | Logic LUTs | LUTRAMs | SRLs |  FFs  | RAMB36 | RAMB18 | URAM | DSP Blocks |
+------------------------------------------------------------+-----------------------------------------------------------------+------------+------------+---------+------+-------+--------+--------+------+------------+
| system_wrapper                                             |                                                           (top) |      42280 |      42087 |     184 |    9 | 33716 |     78 |      1 |    0 |        128 |
|   system_i                                                 |                                                          system |      42280 |      42087 |     184 |    9 | 33716 |     78 |      1 |    0 |        128 |
|     accelerator                                            |                                            system_accelerator_0 |      41680 |      41489 |     184 |    7 | 32950 |     78 |      1 |    0 |        128 |
|       (accelerator)                                        |                                            system_accelerator_0 |        128 |        128 |       0 |    0 |     0 |      0 |      0 |    0 |          0 |
|       inst                                                 |                     system_accelerator_0_frodokem_pio_bd_bridge |      41552 |      41361 |     184 |    7 | 32950 |     78 |      1 |    0 |        128 |
|         core                                               |                           system_accelerator_0_frodokem_pio_top |      41552 |      41361 |     184 |    7 | 32950 |     78 |      1 |    0 |        128 |
|           core                                             |                                       system_accelerator_0_main |      40838 |      40727 |     104 |    7 | 32322 |     78 |      1 |    0 |        128 |
|             (core)                                         |                                       system_accelerator_0_main |          0 |          0 |       0 |    0 |     4 |      0 |      0 |    0 |          0 |
|             cmdDelay                                       |                              system_accelerator_0_bus_delay_std |        175 |        175 |       0 |    0 |     4 |      0 |      0 |    0 |          0 |
|               genblk1[0].del                               |                             system_accelerator_0_bus_delay_std1 |        175 |        175 |       0 |    0 |     4 |      0 |      0 |    0 |          0 |
|                 buffer__ff                                 |                  system_accelerator_0_delay__parameterized0_256 |        175 |        175 |       0 |    0 |     3 |      0 |      0 |    0 |          0 |
|                 buffer_isUsed__ff                          |                                  system_accelerator_0_delay_257 |          0 |          0 |       0 |    0 |     1 |      0 |      0 |    0 |          0 |
|             cmdm                                           |                               system_accelerator_0_command_main |         16 |         16 |       0 |    0 |     8 |      0 |      0 |    0 |          0 |
|               currCmd__ff                                  |                  system_accelerator_0_delay__parameterized0_254 |          1 |          1 |       0 |    0 |     3 |      0 |      0 |    0 |          0 |
|               state__counter                               |                          system_accelerator_0_counter_bus_state |         15 |         15 |       0 |    0 |     5 |      0 |      0 |    0 |          0 |
|                 stateNext__ff                              |                  system_accelerator_0_delay__parameterized3_255 |         15 |         15 |       0 |    0 |     5 |      0 |      0 |    0 |          0 |
|             core                                           |                                  system_accelerator_0_main_core |      40324 |      40213 |     104 |    7 | 32143 |     78 |      1 |    0 |        128 |
|               (core)                                       |                                  system_accelerator_0_main_core |          3 |          3 |       0 |    0 |     4 |      0 |      0 |    0 |          0 |
|               fast_path                                    |                  system_accelerator_0_full25_keygen_memory_path |      21499 |      21388 |     104 |    7 | 27498 |     70 |      1 |    0 |        128 |
|                 (fast_path)                                |                  system_accelerator_0_full25_keygen_memory_path |         97 |         97 |       0 |    0 |  1173 |      0 |      0 |    0 |          0 |
|                 as_commit                                  |                   system_accelerator_0_full25_as_commit_adapter |       1248 |       1248 |       0 |    0 |  1293 |      0 |      0 |    0 |          0 |
|                 compute                                    |                       system_accelerator_0_full50_gena_matrix16 |      20159 |      20048 |     104 |    7 | 25032 |     70 |      1 |    0 |        128 |
|                   (compute)                                |                       system_accelerator_0_full50_gena_matrix16 |          3 |          3 |       0 |    0 |     6 |      0 |      0 |    0 |          0 |
|                   matrix                                   |                            system_accelerator_0_full50_matrix16 |       7634 |       7634 |       0 |    0 |  3902 |     49 |      1 |    0 |        128 |
|                     (matrix)                               |                            system_accelerator_0_full50_matrix16 |       7634 |       7634 |       0 |    0 |  3902 |     49 |      1 |    0 |          0 |
|                     shared_lanes[0].products[0].multiply   |                   system_accelerator_0_full50_shared_product__1 |          0 |          0 |       0 |    0 |     0 |      0 |      0 |    0 |          1 |
|                     shared_lanes[0].products[1].multiply   |                   system_accelerator_0_full50_shared_product__2 |          0 |          0 |       0 |    0 |     0 |      0 |      0 |    0 |          1 |
|                     shared_lanes[0].products[2].multiply   |                   system_accelerator_0_full50_shared_product__3 |          0 |          0 |       0 |    0 |     0 |      0 |      0 |    0 |          1 |
|                     shared_lanes[0].products[3].multiply   |                   system_accelerator_0_full50_shared_product__4 |          0 |          0 |       0 |    0 |     0 |      0 |      0 |    0 |          1 |
|                     shared_lanes[0].products[4].multiply   |                   system_accelerator_0_full50_shared_product__5 |          0 |          0 |       0 |    0 |     0 |      0 |      0 |    0 |          1 |
|                     shared_lanes[0].products[5].multiply   |                   system_accelerator_0_full50_shared_product__6 |          0 |          0 |       0 |    0 |     0 |      0 |      0 |    0 |          1 |
|                     shared_lanes[0].products[6].multiply   |                   system_accelerator_0_full50_shared_product__7 |          0 |          0 |       0 |    0 |     0 |      0 |      0 |    0 |          1 |
|                     shared_lanes[0].products[7].multiply   |                   system_accelerator_0_full50_shared_product__8 |          0 |          0 |       0 |    0 |     0 |      0 |      0 |    0 |          1 |
|                     shared_lanes[10].products[0].multiply  |                  system_accelerator_0_full50_shared_product__81 |          0 |          0 |       0 |    0 |     0 |      0 |      0 |    0 |          1 |
|                     shared_lanes[10].products[1].multiply  |                  system_accelerator_0_full50_shared_product__82 |          0 |          0 |       0 |    0 |     0 |      0 |      0 |    0 |          1 |
|                     shared_lanes[10].products[2].multiply  |                  system_accelerator_0_full50_shared_product__83 |          0 |          0 |       0 |    0 |     0 |      0 |      0 |    0 |          1 |
|                     shared_lanes[10].products[3].multiply  |                  system_accelerator_0_full50_shared_product__84 |          0 |          0 |       0 |    0 |     0 |      0 |      0 |    0 |          1 |
|                     shared_lanes[10].products[4].multiply  |                  system_accelerator_0_full50_shared_product__85 |          0 |          0 |       0 |    0 |     0 |      0 |      0 |    0 |          1 |
|                     shared_lanes[10].products[5].multiply  |                  system_accelerator_0_full50_shared_product__86 |          0 |          0 |       0 |    0 |     0 |      0 |      0 |    0 |          1 |
|                     shared_lanes[10].products[6].multiply  |                  system_accelerator_0_full50_shared_product__87 |          0 |          0 |       0 |    0 |     0 |      0 |      0 |    0 |          1 |
|                     shared_lanes[10].products[7].multiply  |                  system_accelerator_0_full50_shared_product__88 |          0 |          0 |       0 |    0 |     0 |      0 |      0 |    0 |          1 |
|                     shared_lanes[11].products[0].multiply  |                  system_accelerator_0_full50_shared_product__89 |          0 |          0 |       0 |    0 |     0 |      0 |      0 |    0 |          1 |
|                     shared_lanes[11].products[1].multiply  |                  system_accelerator_0_full50_shared_product__90 |          0 |          0 |       0 |    0 |     0 |      0 |      0 |    0 |          1 |
|                     shared_lanes[11].products[2].multiply  |                  system_accelerator_0_full50_shared_product__91 |          0 |          0 |       0 |    0 |     0 |      0 |      0 |    0 |          1 |
|                     shared_lanes[11].products[3].multiply  |                  system_accelerator_0_full50_shared_product__92 |          0 |          0 |       0 |    0 |     0 |      0 |      0 |    0 |          1 |
|                     shared_lanes[11].products[4].multiply  |                  system_accelerator_0_full50_shared_product__93 |          0 |          0 |       0 |    0 |     0 |      0 |      0 |    0 |          1 |
|                     shared_lanes[11].products[5].multiply  |                  system_accelerator_0_full50_shared_product__94 |          0 |          0 |       0 |    0 |     0 |      0 |      0 |    0 |          1 |
|                     shared_lanes[11].products[6].multiply  |                  system_accelerator_0_full50_shared_product__95 |          0 |          0 |       0 |    0 |     0 |      0 |      0 |    0 |          1 |
|                     shared_lanes[11].products[7].multiply  |                  system_accelerator_0_full50_shared_product__96 |          0 |          0 |       0 |    0 |     0 |      0 |      0 |    0 |          1 |
|                     shared_lanes[12].products[0].multiply  |                  system_accelerator_0_full50_shared_product__97 |          0 |          0 |       0 |    0 |     0 |      0 |      0 |    0 |          1 |
|                     shared_lanes[12].products[1].multiply  |                  system_accelerator_0_full50_shared_product__98 |          0 |          0 |       0 |    0 |     0 |      0 |      0 |    0 |          1 |
|                     shared_lanes[12].products[2].multiply  |                  system_accelerator_0_full50_shared_product__99 |          0 |          0 |       0 |    0 |     0 |      0 |      0 |    0 |          1 |
|                     shared_lanes[12].products[3].multiply  |                 system_accelerator_0_full50_shared_product__100 |          0 |          0 |       0 |    0 |     0 |      0 |      0 |    0 |          1 |
|                     shared_lanes[12].products[4].multiply  |                 system_accelerator_0_full50_shared_product__101 |          0 |          0 |       0 |    0 |     0 |      0 |      0 |    0 |          1 |
|                     shared_lanes[12].products[5].multiply  |                 system_accelerator_0_full50_shared_product__102 |          0 |          0 |       0 |    0 |     0 |      0 |      0 |    0 |          1 |
|                     shared_lanes[12].products[6].multiply  |                 system_accelerator_0_full50_shared_product__103 |          0 |          0 |       0 |    0 |     0 |      0 |      0 |    0 |          1 |
|                     shared_lanes[12].products[7].multiply  |                 system_accelerator_0_full50_shared_product__104 |          0 |          0 |       0 |    0 |     0 |      0 |      0 |    0 |          1 |
|                     shared_lanes[13].products[0].multiply  |                 system_accelerator_0_full50_shared_product__105 |          0 |          0 |       0 |    0 |     0 |      0 |      0 |    0 |          1 |
|                     shared_lanes[13].products[1].multiply  |                 system_accelerator_0_full50_shared_product__106 |          0 |          0 |       0 |    0 |     0 |      0 |      0 |    0 |          1 |
|                     shared_lanes[13].products[2].multiply  |                 system_accelerator_0_full50_shared_product__107 |          0 |          0 |       0 |    0 |     0 |      0 |      0 |    0 |          1 |
|                     shared_lanes[13].products[3].multiply  |                 system_accelerator_0_full50_shared_product__108 |          0 |          0 |       0 |    0 |     0 |      0 |      0 |    0 |          1 |
|                     shared_lanes[13].products[4].multiply  |                 system_accelerator_0_full50_shared_product__109 |          0 |          0 |       0 |    0 |     0 |      0 |      0 |    0 |          1 |
|                     shared_lanes[13].products[5].multiply  |                 system_accelerator_0_full50_shared_product__110 |          0 |          0 |       0 |    0 |     0 |      0 |      0 |    0 |          1 |
|                     shared_lanes[13].products[6].multiply  |                 system_accelerator_0_full50_shared_product__111 |          0 |          0 |       0 |    0 |     0 |      0 |      0 |    0 |          1 |
|                     shared_lanes[13].products[7].multiply  |                 system_accelerator_0_full50_shared_product__112 |          0 |          0 |       0 |    0 |     0 |      0 |      0 |    0 |          1 |
|                     shared_lanes[14].products[0].multiply  |                 system_accelerator_0_full50_shared_product__113 |          0 |          0 |       0 |    0 |     0 |      0 |      0 |    0 |          1 |
|                     shared_lanes[14].products[1].multiply  |                 system_accelerator_0_full50_shared_product__114 |          0 |          0 |       0 |    0 |     0 |      0 |      0 |    0 |          1 |
|                     shared_lanes[14].products[2].multiply  |                 system_accelerator_0_full50_shared_product__115 |          0 |          0 |       0 |    0 |     0 |      0 |      0 |    0 |          1 |
|                     shared_lanes[14].products[3].multiply  |                 system_accelerator_0_full50_shared_product__116 |          0 |          0 |       0 |    0 |     0 |      0 |      0 |    0 |          1 |
|                     shared_lanes[14].products[4].multiply  |                 system_accelerator_0_full50_shared_product__117 |          0 |          0 |       0 |    0 |     0 |      0 |      0 |    0 |          1 |
|                     shared_lanes[14].products[5].multiply  |                 system_accelerator_0_full50_shared_product__118 |          0 |          0 |       0 |    0 |     0 |      0 |      0 |    0 |          1 |
|                     shared_lanes[14].products[6].multiply  |                 system_accelerator_0_full50_shared_product__119 |          0 |          0 |       0 |    0 |     0 |      0 |      0 |    0 |          1 |
|                     shared_lanes[14].products[7].multiply  |                 system_accelerator_0_full50_shared_product__120 |          0 |          0 |       0 |    0 |     0 |      0 |      0 |    0 |          1 |
|                     shared_lanes[15].products[0].multiply  |                 system_accelerator_0_full50_shared_product__121 |          0 |          0 |       0 |    0 |     0 |      0 |      0 |    0 |          1 |
|                     shared_lanes[15].products[1].multiply  |                 system_accelerator_0_full50_shared_product__122 |          0 |          0 |       0 |    0 |     0 |      0 |      0 |    0 |          1 |
|                     shared_lanes[15].products[2].multiply  |                 system_accelerator_0_full50_shared_product__123 |          0 |          0 |       0 |    0 |     0 |      0 |      0 |    0 |          1 |
|                     shared_lanes[15].products[3].multiply  |                 system_accelerator_0_full50_shared_product__124 |          0 |          0 |       0 |    0 |     0 |      0 |      0 |    0 |          1 |
|                     shared_lanes[15].products[4].multiply  |                 system_accelerator_0_full50_shared_product__125 |          0 |          0 |       0 |    0 |     0 |      0 |      0 |    0 |          1 |
|                     shared_lanes[15].products[5].multiply  |                 system_accelerator_0_full50_shared_product__126 |          0 |          0 |       0 |    0 |     0 |      0 |      0 |    0 |          1 |
|                     shared_lanes[15].products[6].multiply  |                 system_accelerator_0_full50_shared_product__127 |          0 |          0 |       0 |    0 |     0 |      0 |      0 |    0 |          1 |
|                     shared_lanes[15].products[7].multiply  |                      system_accelerator_0_full50_shared_product |          0 |          0 |       0 |    0 |     0 |      0 |      0 |    0 |          1 |
|                     shared_lanes[1].products[0].multiply   |                   system_accelerator_0_full50_shared_product__9 |          0 |          0 |       0 |    0 |     0 |      0 |      0 |    0 |          1 |
|                     shared_lanes[1].products[1].multiply   |                  system_accelerator_0_full50_shared_product__10 |          0 |          0 |       0 |    0 |     0 |      0 |      0 |    0 |          1 |
|                     shared_lanes[1].products[2].multiply   |                  system_accelerator_0_full50_shared_product__11 |          0 |          0 |       0 |    0 |     0 |      0 |      0 |    0 |          1 |
|                     shared_lanes[1].products[3].multiply   |                  system_accelerator_0_full50_shared_product__12 |          0 |          0 |       0 |    0 |     0 |      0 |      0 |    0 |          1 |
|                     shared_lanes[1].products[4].multiply   |                  system_accelerator_0_full50_shared_product__13 |          0 |          0 |       0 |    0 |     0 |      0 |      0 |    0 |          1 |
|                     shared_lanes[1].products[5].multiply   |                  system_accelerator_0_full50_shared_product__14 |          0 |          0 |       0 |    0 |     0 |      0 |      0 |    0 |          1 |
|                     shared_lanes[1].products[6].multiply   |                  system_accelerator_0_full50_shared_product__15 |          0 |          0 |       0 |    0 |     0 |      0 |      0 |    0 |          1 |
|                     shared_lanes[1].products[7].multiply   |                  system_accelerator_0_full50_shared_product__16 |          0 |          0 |       0 |    0 |     0 |      0 |      0 |    0 |          1 |
|                     shared_lanes[2].products[0].multiply   |                  system_accelerator_0_full50_shared_product__17 |          0 |          0 |       0 |    0 |     0 |      0 |      0 |    0 |          1 |
|                     shared_lanes[2].products[1].multiply   |                  system_accelerator_0_full50_shared_product__18 |          0 |          0 |       0 |    0 |     0 |      0 |      0 |    0 |          1 |
|                     shared_lanes[2].products[2].multiply   |                  system_accelerator_0_full50_shared_product__19 |          0 |          0 |       0 |    0 |     0 |      0 |      0 |    0 |          1 |
|                     shared_lanes[2].products[3].multiply   |                  system_accelerator_0_full50_shared_product__20 |          0 |          0 |       0 |    0 |     0 |      0 |      0 |    0 |          1 |
|                     shared_lanes[2].products[4].multiply   |                  system_accelerator_0_full50_shared_product__21 |          0 |          0 |       0 |    0 |     0 |      0 |      0 |    0 |          1 |
|                     shared_lanes[2].products[5].multiply   |                  system_accelerator_0_full50_shared_product__22 |          0 |          0 |       0 |    0 |     0 |      0 |      0 |    0 |          1 |
|                     shared_lanes[2].products[6].multiply   |                  system_accelerator_0_full50_shared_product__23 |          0 |          0 |       0 |    0 |     0 |      0 |      0 |    0 |          1 |
|                     shared_lanes[2].products[7].multiply   |                  system_accelerator_0_full50_shared_product__24 |          0 |          0 |       0 |    0 |     0 |      0 |      0 |    0 |          1 |
|                     shared_lanes[3].products[0].multiply   |                  system_accelerator_0_full50_shared_product__25 |          0 |          0 |       0 |    0 |     0 |      0 |      0 |    0 |          1 |
|                     shared_lanes[3].products[1].multiply   |                  system_accelerator_0_full50_shared_product__26 |          0 |          0 |       0 |    0 |     0 |      0 |      0 |    0 |          1 |
|                     shared_lanes[3].products[2].multiply   |                  system_accelerator_0_full50_shared_product__27 |          0 |          0 |       0 |    0 |     0 |      0 |      0 |    0 |          1 |
|                     shared_lanes[3].products[3].multiply   |                  system_accelerator_0_full50_shared_product__28 |          0 |          0 |       0 |    0 |     0 |      0 |      0 |    0 |          1 |
|                     shared_lanes[3].products[4].multiply   |                  system_accelerator_0_full50_shared_product__29 |          0 |          0 |       0 |    0 |     0 |      0 |      0 |    0 |          1 |
|                     shared_lanes[3].products[5].multiply   |                  system_accelerator_0_full50_shared_product__30 |          0 |          0 |       0 |    0 |     0 |      0 |      0 |    0 |          1 |
|                     shared_lanes[3].products[6].multiply   |                  system_accelerator_0_full50_shared_product__31 |          0 |          0 |       0 |    0 |     0 |      0 |      0 |    0 |          1 |
|                     shared_lanes[3].products[7].multiply   |                  system_accelerator_0_full50_shared_product__32 |          0 |          0 |       0 |    0 |     0 |      0 |      0 |    0 |          1 |
|                     shared_lanes[4].products[0].multiply   |                  system_accelerator_0_full50_shared_product__33 |          0 |          0 |       0 |    0 |     0 |      0 |      0 |    0 |          1 |
|                     shared_lanes[4].products[1].multiply   |                  system_accelerator_0_full50_shared_product__34 |          0 |          0 |       0 |    0 |     0 |      0 |      0 |    0 |          1 |
|                     shared_lanes[4].products[2].multiply   |                  system_accelerator_0_full50_shared_product__35 |          0 |          0 |       0 |    0 |     0 |      0 |      0 |    0 |          1 |
|                     shared_lanes[4].products[3].multiply   |                  system_accelerator_0_full50_shared_product__36 |          0 |          0 |       0 |    0 |     0 |      0 |      0 |    0 |          1 |
|                     shared_lanes[4].products[4].multiply   |                  system_accelerator_0_full50_shared_product__37 |          0 |          0 |       0 |    0 |     0 |      0 |      0 |    0 |          1 |
|                     shared_lanes[4].products[5].multiply   |                  system_accelerator_0_full50_shared_product__38 |          0 |          0 |       0 |    0 |     0 |      0 |      0 |    0 |          1 |
|                     shared_lanes[4].products[6].multiply   |                  system_accelerator_0_full50_shared_product__39 |          0 |          0 |       0 |    0 |     0 |      0 |      0 |    0 |          1 |
|                     shared_lanes[4].products[7].multiply   |                  system_accelerator_0_full50_shared_product__40 |          0 |          0 |       0 |    0 |     0 |      0 |      0 |    0 |          1 |
|                     shared_lanes[5].products[0].multiply   |                  system_accelerator_0_full50_shared_product__41 |          0 |          0 |       0 |    0 |     0 |      0 |      0 |    0 |          1 |
|                     shared_lanes[5].products[1].multiply   |                  system_accelerator_0_full50_shared_product__42 |          0 |          0 |       0 |    0 |     0 |      0 |      0 |    0 |          1 |
|                     shared_lanes[5].products[2].multiply   |                  system_accelerator_0_full50_shared_product__43 |          0 |          0 |       0 |    0 |     0 |      0 |      0 |    0 |          1 |
|                     shared_lanes[5].products[3].multiply   |                  system_accelerator_0_full50_shared_product__44 |          0 |          0 |       0 |    0 |     0 |      0 |      0 |    0 |          1 |
|                     shared_lanes[5].products[4].multiply   |                  system_accelerator_0_full50_shared_product__45 |          0 |          0 |       0 |    0 |     0 |      0 |      0 |    0 |          1 |
|                     shared_lanes[5].products[5].multiply   |                  system_accelerator_0_full50_shared_product__46 |          0 |          0 |       0 |    0 |     0 |      0 |      0 |    0 |          1 |
|                     shared_lanes[5].products[6].multiply   |                  system_accelerator_0_full50_shared_product__47 |          0 |          0 |       0 |    0 |     0 |      0 |      0 |    0 |          1 |
|                     shared_lanes[5].products[7].multiply   |                  system_accelerator_0_full50_shared_product__48 |          0 |          0 |       0 |    0 |     0 |      0 |      0 |    0 |          1 |
|                     shared_lanes[6].products[0].multiply   |                  system_accelerator_0_full50_shared_product__49 |          0 |          0 |       0 |    0 |     0 |      0 |      0 |    0 |          1 |
|                     shared_lanes[6].products[1].multiply   |                  system_accelerator_0_full50_shared_product__50 |          0 |          0 |       0 |    0 |     0 |      0 |      0 |    0 |          1 |
|                     shared_lanes[6].products[2].multiply   |                  system_accelerator_0_full50_shared_product__51 |          0 |          0 |       0 |    0 |     0 |      0 |      0 |    0 |          1 |
|                     shared_lanes[6].products[3].multiply   |                  system_accelerator_0_full50_shared_product__52 |          0 |          0 |       0 |    0 |     0 |      0 |      0 |    0 |          1 |
|                     shared_lanes[6].products[4].multiply   |                  system_accelerator_0_full50_shared_product__53 |          0 |          0 |       0 |    0 |     0 |      0 |      0 |    0 |          1 |
|                     shared_lanes[6].products[5].multiply   |                  system_accelerator_0_full50_shared_product__54 |          0 |          0 |       0 |    0 |     0 |      0 |      0 |    0 |          1 |
|                     shared_lanes[6].products[6].multiply   |                  system_accelerator_0_full50_shared_product__55 |          0 |          0 |       0 |    0 |     0 |      0 |      0 |    0 |          1 |
|                     shared_lanes[6].products[7].multiply   |                  system_accelerator_0_full50_shared_product__56 |          0 |          0 |       0 |    0 |     0 |      0 |      0 |    0 |          1 |
|                     shared_lanes[7].products[0].multiply   |                  system_accelerator_0_full50_shared_product__57 |          0 |          0 |       0 |    0 |     0 |      0 |      0 |    0 |          1 |
|                     shared_lanes[7].products[1].multiply   |                  system_accelerator_0_full50_shared_product__58 |          0 |          0 |       0 |    0 |     0 |      0 |      0 |    0 |          1 |
|                     shared_lanes[7].products[2].multiply   |                  system_accelerator_0_full50_shared_product__59 |          0 |          0 |       0 |    0 |     0 |      0 |      0 |    0 |          1 |
|                     shared_lanes[7].products[3].multiply   |                  system_accelerator_0_full50_shared_product__60 |          0 |          0 |       0 |    0 |     0 |      0 |      0 |    0 |          1 |
|                     shared_lanes[7].products[4].multiply   |                  system_accelerator_0_full50_shared_product__61 |          0 |          0 |       0 |    0 |     0 |      0 |      0 |    0 |          1 |
|                     shared_lanes[7].products[5].multiply   |                  system_accelerator_0_full50_shared_product__62 |          0 |          0 |       0 |    0 |     0 |      0 |      0 |    0 |          1 |
|                     shared_lanes[7].products[6].multiply   |                  system_accelerator_0_full50_shared_product__63 |          0 |          0 |       0 |    0 |     0 |      0 |      0 |    0 |          1 |
|                     shared_lanes[7].products[7].multiply   |                  system_accelerator_0_full50_shared_product__64 |          0 |          0 |       0 |    0 |     0 |      0 |      0 |    0 |          1 |
|                     shared_lanes[8].products[0].multiply   |                  system_accelerator_0_full50_shared_product__65 |          0 |          0 |       0 |    0 |     0 |      0 |      0 |    0 |          1 |
|                     shared_lanes[8].products[1].multiply   |                  system_accelerator_0_full50_shared_product__66 |          0 |          0 |       0 |    0 |     0 |      0 |      0 |    0 |          1 |
|                     shared_lanes[8].products[2].multiply   |                  system_accelerator_0_full50_shared_product__67 |          0 |          0 |       0 |    0 |     0 |      0 |      0 |    0 |          1 |
|                     shared_lanes[8].products[3].multiply   |                  system_accelerator_0_full50_shared_product__68 |          0 |          0 |       0 |    0 |     0 |      0 |      0 |    0 |          1 |
|                     shared_lanes[8].products[4].multiply   |                  system_accelerator_0_full50_shared_product__69 |          0 |          0 |       0 |    0 |     0 |      0 |      0 |    0 |          1 |
|                     shared_lanes[8].products[5].multiply   |                  system_accelerator_0_full50_shared_product__70 |          0 |          0 |       0 |    0 |     0 |      0 |      0 |    0 |          1 |
|                     shared_lanes[8].products[6].multiply   |                  system_accelerator_0_full50_shared_product__71 |          0 |          0 |       0 |    0 |     0 |      0 |      0 |    0 |          1 |
|                     shared_lanes[8].products[7].multiply   |                  system_accelerator_0_full50_shared_product__72 |          0 |          0 |       0 |    0 |     0 |      0 |      0 |    0 |          1 |
|                     shared_lanes[9].products[0].multiply   |                  system_accelerator_0_full50_shared_product__73 |          0 |          0 |       0 |    0 |     0 |      0 |      0 |    0 |          1 |
|                     shared_lanes[9].products[1].multiply   |                  system_accelerator_0_full50_shared_product__74 |          0 |          0 |       0 |    0 |     0 |      0 |      0 |    0 |          1 |
|                     shared_lanes[9].products[2].multiply   |                  system_accelerator_0_full50_shared_product__75 |          0 |          0 |       0 |    0 |     0 |      0 |      0 |    0 |          1 |
|                     shared_lanes[9].products[3].multiply   |                  system_accelerator_0_full50_shared_product__76 |          0 |          0 |       0 |    0 |     0 |      0 |      0 |    0 |          1 |
|                     shared_lanes[9].products[4].multiply   |                  system_accelerator_0_full50_shared_product__77 |          0 |          0 |       0 |    0 |     0 |      0 |      0 |    0 |          1 |
|                     shared_lanes[9].products[5].multiply   |                  system_accelerator_0_full50_shared_product__78 |          0 |          0 |       0 |    0 |     0 |      0 |      0 |    0 |          1 |
|                     shared_lanes[9].products[6].multiply   |                  system_accelerator_0_full50_shared_product__79 |          0 |          0 |       0 |    0 |     0 |      0 |      0 |    0 |          1 |
|                     shared_lanes[9].products[7].multiply   |                  system_accelerator_0_full50_shared_product__80 |          0 |          0 |       0 |    0 |     0 |      0 |      0 |    0 |          1 |
|                   producer                                 |                              system_accelerator_0_full50_gena16 |      12522 |      12411 |     104 |    7 | 21124 |     21 |      0 |    0 |          0 |
|                     (producer)                             |                              system_accelerator_0_full50_gena16 |          2 |          2 |       0 |    0 |    11 |      0 |      0 |    0 |          0 |
|                     aligner                                |                             system_accelerator_0_full50_carry16 |        484 |        388 |      96 |    0 |   297 |      0 |      0 |    0 |          0 |
|                     producer                               |                         system_accelerator_0_full50_gena_ring12 |      12037 |      12022 |       8 |    7 | 20816 |     21 |      0 |    0 |          0 |
|                       (producer)                           |                         system_accelerator_0_full50_gena_ring12 |         69 |         61 |       8 |    0 |   188 |      0 |      0 |    0 |          0 |
|                       rates                                |                           system_accelerator_0_full50_rate_bram |        837 |        837 |       0 |    0 |    10 |     21 |      0 |    0 |          0 |
|                       ring                                 |                       system_accelerator_0_full50_ring4_permute |      11134 |      11127 |       0 |    7 | 20618 |      0 |      0 |    0 |          0 |
|                         (ring)                             |                       system_accelerator_0_full50_ring4_permute |         40 |         33 |       0 |    7 |    74 |      0 |      0 |    0 |          0 |
|                         rounds[0].round_pipe               |                        system_accelerator_0_full50_keccak_round |       2577 |       2577 |       0 |    0 |  5137 |      0 |      0 |    0 |          0 |
|                         rounds[1].round_pipe               |                    system_accelerator_0_full50_keccak_round_251 |       2562 |       2562 |       0 |    0 |  5137 |      0 |      0 |    0 |          0 |
|                         rounds[2].round_pipe               |                    system_accelerator_0_full50_keccak_round_252 |       2562 |       2562 |       0 |    0 |  5135 |      0 |      0 |    0 |          0 |
|                         rounds[3].round_pipe               |                    system_accelerator_0_full50_keccak_round_253 |       3395 |       3395 |       0 |    0 |  5135 |      0 |      0 |    0 |          0 |
|               hub                                          |                                  system_accelerator_0_busSwitch |        154 |        154 |       0 |    0 |    14 |      0 |      0 |    0 |          0 |
|                 cmdBuf                                     |                          system_accelerator_0_bus_delay_fromstd |        154 |        154 |       0 |    0 |    14 |      0 |      0 |    0 |          0 |
|                   adapter                                  |                               system_accelerator_0_bus_fromstd1 |        154 |        154 |       0 |    0 |     7 |      0 |      0 |    0 |          0 |
|                     buffer__ff                             |                  system_accelerator_0_delay__parameterized8_249 |         88 |         88 |       0 |    0 |     6 |      0 |      0 |    0 |          0 |
|                     buffer_isUsed__ff                      |                                  system_accelerator_0_delay_250 |         68 |         68 |       0 |    0 |     1 |      0 |      0 |    0 |          0 |
|                   mainBuff                                 |              system_accelerator_0_bus_delay_std__parameterized1 |          0 |          0 |       0 |    0 |     7 |      0 |      0 |    0 |          0 |
|                     genblk1[0].del                         |             system_accelerator_0_bus_delay_std1__parameterized1 |          0 |          0 |       0 |    0 |     7 |      0 |      0 |    0 |          0 |
|                       buffer__ff                           |                      system_accelerator_0_delay__parameterized8 |          0 |          0 |       0 |    0 |     6 |      0 |      0 |    0 |          0 |
|                       buffer_isUsed__ff                    |                                  system_accelerator_0_delay_248 |          0 |          0 |       0 |    0 |     1 |      0 |      0 |    0 |          0 |
|               keccak                                       |                             system_accelerator_0_adapted_keccak |      10440 |      10440 |       0 |    0 |  3682 |      0 |      0 |    0 |          0 |
|                 k                                          |                                     system_accelerator_0_keccak |      10210 |      10210 |       0 |    0 |  3416 |      0 |      0 |    0 |          0 |
|                   block                                    |                               system_accelerator_0_keccak_block |       5257 |       5257 |       0 |    0 |  3356 |      0 |      0 |    0 |          0 |
|                     buff                                   |                     system_accelerator_0_serdes__parameterized0 |         18 |         18 |       0 |    0 |     8 |      0 |      0 |    0 |          0 |
|                       counter                              |          system_accelerator_0_counter_bus_fixed__parameterized2 |         17 |         17 |       0 |    0 |     6 |      0 |      0 |    0 |          0 |
|                         actualCounter                      |            system_accelerator_0_counter_bus__parameterized1_245 |         17 |         17 |       0 |    0 |     6 |      0 |      0 |    0 |          0 |
|                           nextCounter__ff                  |                  system_accelerator_0_delay__parameterized3_246 |          6 |          6 |       0 |    0 |     5 |      0 |      0 |    0 |          0 |
|                           nextCounter_isNotZero__ff        |                                  system_accelerator_0_delay_247 |         11 |         11 |       0 |    0 |     1 |      0 |      0 |    0 |          0 |
|                       isDes_ff                             |              system_accelerator_0_ff_en_imm__parameterized0_241 |          0 |          0 |       0 |    0 |     1 |      0 |      0 |    0 |          0 |
|                         val__ff                            |                  system_accelerator_0_delay__parameterized2_244 |          0 |          0 |       0 |    0 |     1 |      0 |      0 |    0 |          0 |
|                       isSer__ff                            |              system_accelerator_0_ff_en_imm__parameterized0_242 |          1 |          1 |       0 |    0 |     1 |      0 |      0 |    0 |          0 |
|                         val__ff                            |                  system_accelerator_0_delay__parameterized2_243 |          1 |          1 |       0 |    0 |     1 |      0 |      0 |    0 |          0 |
|                     buff__buffer__ff                       |                     system_accelerator_0_delay__parameterized15 |          0 |          0 |       0 |    0 |  1344 |      0 |      0 |    0 |          0 |
|                     cmd_desBuf__ff1                        |                             system_accelerator_0_ff_en_next_166 |         65 |         65 |       0 |    0 |     1 |      0 |      0 |    0 |          0 |
|                       val__ff                              |                  system_accelerator_0_delay__parameterized2_240 |         65 |         65 |       0 |    0 |     1 |      0 |      0 |    0 |          0 |
|                     cmd_serState__ff                       |                                  system_accelerator_0_delay_167 |          0 |          0 |       0 |    0 |     1 |      0 |      0 |    0 |          0 |
|                     core                                   |                                system_accelerator_0_keccak_iter |       4045 |       4045 |       0 |    0 |  1614 |      0 |      0 |    0 |          0 |
|                       body                                 |                                  system_accelerator_0_keccak_fn |       1152 |       1152 |       0 |    0 |     0 |      0 |      0 |    0 |          0 |
|                         theta                              |                               system_accelerator_0_keccak_theta |       1152 |       1152 |       0 |    0 |     0 |      0 |      0 |    0 |          0 |
|                       counter                              |          system_accelerator_0_counter_bus_fixed__parameterized3 |          5 |          5 |       0 |    0 |     6 |      0 |      0 |    0 |          0 |
|                         actualCounter                      |            system_accelerator_0_counter_bus__parameterized1_237 |          5 |          5 |       0 |    0 |     6 |      0 |      0 |    0 |          0 |
|                           nextCounter__ff                  |                  system_accelerator_0_delay__parameterized3_238 |          5 |          5 |       0 |    0 |     5 |      0 |      0 |    0 |          0 |
|                           nextCounter_isNotZero__ff        |                                  system_accelerator_0_delay_239 |          0 |          0 |       0 |    0 |     1 |      0 |      0 |    0 |          0 |
|                       rcGenerator                          |                                  system_accelerator_0_keccak_rc |          8 |          8 |       0 |    0 |     8 |      0 |      0 |    0 |          0 |
|                         r_exp__ff                          |                 system_accelerator_0_delay__parameterized12_236 |          8 |          8 |       0 |    0 |     8 |      0 |      0 |    0 |          0 |
|                       state__ff                            |                     system_accelerator_0_delay__parameterized14 |       2880 |       2880 |       0 |    0 |  1600 |      0 |      0 |    0 |          0 |
|                     inConv                                 |                      system_accelerator_0_keccak_busInConverter |        247 |        247 |       0 |    0 |    82 |      0 |      0 |    0 |          0 |
|                       addTerm                              |        system_accelerator_0_keccak_busInConverter_addTerminator |          0 |          0 |       0 |    0 |     1 |      0 |      0 |    0 |          0 |
|                         out_isLast__ff                     |                             system_accelerator_0_ff_sr_next_234 |          0 |          0 |       0 |    0 |     1 |      0 |      0 |    0 |          0 |
|                           val__ff                          |                                  system_accelerator_0_delay_235 |          0 |          0 |       0 |    0 |     1 |      0 |      0 |    0 |          0 |
|                       align                                |                system_accelerator_0_keccak_busInConverter_align |        154 |        154 |       0 |    0 |    68 |      0 |      0 |    0 |          0 |
|                         excess__ff                         |                  system_accelerator_0_delay__parameterized1_230 |         23 |         23 |       0 |    0 |    64 |      0 |      0 |    0 |          0 |
|                         needAddFrame__ff                   |                             system_accelerator_0_ff_sr_next_231 |          1 |          1 |       0 |    0 |     1 |      0 |      0 |    0 |          0 |
|                           val__ff                          |                                  system_accelerator_0_delay_233 |          1 |          1 |       0 |    0 |     1 |      0 |      0 |    0 |          0 |
|                         usedBytes__ff                      |                  system_accelerator_0_delay__parameterized0_232 |        130 |        130 |       0 |    0 |     3 |      0 |      0 |    0 |          0 |
|                       padCycle                             |             system_accelerator_0_keccak_busInConverter_padCycle |         23 |         23 |       0 |    0 |    12 |      0 |      0 |    0 |          0 |
|                         c256                               |                      system_accelerator_0_counter_bus_fixed_219 |         15 |         15 |       0 |    0 |     6 |      0 |      0 |    0 |          0 |
|                           actualCounter                    |            system_accelerator_0_counter_bus__parameterized1_227 |         15 |         15 |       0 |    0 |     6 |      0 |      0 |    0 |          0 |
|                             nextCounter__ff                |                  system_accelerator_0_delay__parameterized3_228 |         10 |         10 |       0 |    0 |     5 |      0 |      0 |    0 |          0 |
|                             nextCounter_isNotZero__ff      |                                  system_accelerator_0_delay_229 |          5 |          5 |       0 |    0 |     1 |      0 |      0 |    0 |          0 |
|                         cDiff                              |      system_accelerator_0_counter_bus_fixed__parameterized0_220 |          8 |          8 |       0 |    0 |     4 |      0 |      0 |    0 |          0 |
|                           actualCounter                    |            system_accelerator_0_counter_bus__parameterized2_224 |          8 |          8 |       0 |    0 |     4 |      0 |      0 |    0 |          0 |
|                             nextCounter__ff                |                  system_accelerator_0_delay__parameterized0_225 |          4 |          4 |       0 |    0 |     3 |      0 |      0 |    0 |          0 |
|                             nextCounter_isNotZero__ff      |                                  system_accelerator_0_delay_226 |          4 |          4 |       0 |    0 |     1 |      0 |      0 |    0 |          0 |
|                         cDiff__ff                          |                                  system_accelerator_0_delay_221 |          2 |          2 |       0 |    0 |     1 |      0 |      0 |    0 |          0 |
|                         is256else128__ff                   |              system_accelerator_0_ff_en_imm__parameterized0_222 |          0 |          0 |       0 |    0 |     1 |      0 |      0 |    0 |          0 |
|                           val__ff                          |                  system_accelerator_0_delay__parameterized2_223 |          0 |          0 |       0 |    0 |     1 |      0 |      0 |    0 |          0 |
|                       paddingEnd                           |      system_accelerator_0_keccak_busInConverter_padEndingAndEnd |         70 |         70 |       0 |    0 |     1 |      0 |      0 |    0 |          0 |
|                         in_isEnded__ff                     |                             system_accelerator_0_ff_rs_next_217 |         70 |         70 |       0 |    0 |     1 |      0 |      0 |    0 |          0 |
|                           val__ff                          |                                  system_accelerator_0_delay_218 |         70 |         70 |       0 |    0 |     1 |      0 |      0 |    0 |          0 |
|                     inDelay                                |                          system_accelerator_0_bus_delayFull_std |        262 |        262 |       0 |    0 |   136 |      0 |      0 |    0 |          0 |
|                       genblk1[0].del                       |                         system_accelerator_0_bus_delayFull_std1 |        262 |        262 |       0 |    0 |   136 |      0 |      0 |    0 |          0 |
|                         buffer1__ff                        |                     system_accelerator_0_delay__parameterized13 |         82 |         82 |       0 |    0 |    65 |      0 |      0 |    0 |          0 |
|                         buffer1_isUsed__ff                 |                                  system_accelerator_0_delay_212 |          2 |          2 |       0 |    0 |     1 |      0 |      0 |    0 |          0 |
|                         buffer2__ff                        |                 system_accelerator_0_delay__parameterized13_213 |        169 |        169 |       0 |    0 |    65 |      0 |      0 |    0 |          0 |
|                         buffer2_isUsed__ff                 |                                  system_accelerator_0_delay_214 |          5 |          5 |       0 |    0 |     3 |      0 |      0 |    0 |          0 |
|                         in_enabled__ff                     |                                  system_accelerator_0_delay_215 |          3 |          3 |       0 |    0 |     1 |      0 |      0 |    0 |          0 |
|                         out_sendLast__ff                   |                                  system_accelerator_0_delay_216 |          1 |          1 |       0 |    0 |     1 |      0 |      0 |    0 |          0 |
|                     isAnyBuf__ff                           |                             system_accelerator_0_ff_en_next_168 |          0 |          0 |       0 |    0 |     1 |      0 |      0 |    0 |          0 |
|                       val__ff                              |                  system_accelerator_0_delay__parameterized2_211 |          0 |          0 |       0 |    0 |     1 |      0 |      0 |    0 |          0 |
|                     isAnySer__ff                           |                             system_accelerator_0_ff_en_next_169 |          0 |          0 |       0 |    0 |     1 |      0 |      0 |    0 |          0 |
|                       val__ff                              |                  system_accelerator_0_delay__parameterized2_210 |          0 |          0 |       0 |    0 |     1 |      0 |      0 |    0 |          0 |
|                     isAnyState__ff1                        |              system_accelerator_0_ff_en_imm__parameterized0_170 |          0 |          0 |       0 |    0 |     1 |      0 |      0 |    0 |          0 |
|                       val__ff                              |                  system_accelerator_0_delay__parameterized2_209 |          0 |          0 |       0 |    0 |     1 |      0 |      0 |    0 |          0 |
|                     isKeccakAny__ff                        |                             system_accelerator_0_ff_en_next_171 |          0 |          0 |       0 |    0 |     1 |      0 |      0 |    0 |          0 |
|                       val__ff                              |                  system_accelerator_0_delay__parameterized2_208 |          0 |          0 |       0 |    0 |     1 |      0 |      0 |    0 |          0 |
|                     outConv                                |                     system_accelerator_0_keccak_busOutConverter |         25 |         25 |       0 |    0 |    19 |      0 |      0 |    0 |          0 |
|                       c256                                 |                          system_accelerator_0_counter_bus_fixed |         11 |         11 |       0 |    0 |     6 |      0 |      0 |    0 |          0 |
|                         actualCounter                      |            system_accelerator_0_counter_bus__parameterized1_205 |         11 |         11 |       0 |    0 |     6 |      0 |      0 |    0 |          0 |
|                           nextCounter__ff                  |                  system_accelerator_0_delay__parameterized3_206 |          8 |          8 |       0 |    0 |     5 |      0 |      0 |    0 |          0 |
|                           nextCounter_isNotZero__ff        |                                  system_accelerator_0_delay_207 |          3 |          3 |       0 |    0 |     1 |      0 |      0 |    0 |          0 |
|                       cDiff                                |          system_accelerator_0_counter_bus_fixed__parameterized0 |          7 |          7 |       0 |    0 |     4 |      0 |      0 |    0 |          0 |
|                         actualCounter                      |            system_accelerator_0_counter_bus__parameterized2_202 |          7 |          7 |       0 |    0 |     4 |      0 |      0 |    0 |          0 |
|                           nextCounter__ff                  |                  system_accelerator_0_delay__parameterized0_203 |          4 |          4 |       0 |    0 |     3 |      0 |      0 |    0 |          0 |
|                           nextCounter_isNotZero__ff        |                                  system_accelerator_0_delay_204 |          3 |          3 |       0 |    0 |     1 |      0 |      0 |    0 |          0 |
|                       cDiff__ff                            |                                  system_accelerator_0_delay_191 |          1 |          1 |       0 |    0 |     1 |      0 |      0 |    0 |          0 |
|                       cStateDiff                           |      system_accelerator_0_counter_bus_fixed__parameterized0_192 |          6 |          6 |       0 |    0 |     4 |      0 |      0 |    0 |          0 |
|                         actualCounter                      |                system_accelerator_0_counter_bus__parameterized2 |          6 |          6 |       0 |    0 |     4 |      0 |      0 |    0 |          0 |
|                           nextCounter__ff                  |                  system_accelerator_0_delay__parameterized0_200 |          5 |          5 |       0 |    0 |     3 |      0 |      0 |    0 |          0 |
|                           nextCounter_isNotZero__ff        |                                  system_accelerator_0_delay_201 |          1 |          1 |       0 |    0 |     1 |      0 |      0 |    0 |          0 |
|                       cStateDiff__ff                       |                                  system_accelerator_0_delay_193 |          0 |          0 |       0 |    0 |     1 |      0 |      0 |    0 |          0 |
|                       is256else128__ff                     |              system_accelerator_0_ff_en_imm__parameterized0_194 |          0 |          0 |       0 |    0 |     1 |      0 |      0 |    0 |          0 |
|                         val__ff                            |                  system_accelerator_0_delay__parameterized2_199 |          0 |          0 |       0 |    0 |     1 |      0 |      0 |    0 |          0 |
|                       isState__ff                          |              system_accelerator_0_ff_en_imm__parameterized0_195 |          1 |          1 |       0 |    0 |     1 |      0 |      0 |    0 |          0 |
|                         val__ff                            |                  system_accelerator_0_delay__parameterized2_198 |          1 |          1 |       0 |    0 |     1 |      0 |      0 |    0 |          0 |
|                       noMoreOut__ff                        |                             system_accelerator_0_ff_rs_next_196 |          0 |          0 |       0 |    0 |     1 |      0 |      0 |    0 |          0 |
|                         val__ff                            |                                  system_accelerator_0_delay_197 |          0 |          0 |       0 |    0 |     1 |      0 |      0 |    0 |          0 |
|                     outDelay                               |          system_accelerator_0_bus_delayFull_std__parameterized0 |        520 |        520 |       0 |    0 |   135 |      0 |      0 |    0 |          0 |
|                       genblk1[0].del                       |         system_accelerator_0_bus_delayFull_std1__parameterized0 |        520 |        520 |       0 |    0 |   135 |      0 |      0 |    0 |          0 |
|                         buffer1__ff                        |                  system_accelerator_0_delay__parameterized1_186 |        195 |        195 |       0 |    0 |    64 |      0 |      0 |    0 |          0 |
|                         buffer1_isUsed__ff                 |                                  system_accelerator_0_delay_187 |          1 |          1 |       0 |    0 |     1 |      0 |      0 |    0 |          0 |
|                         buffer2__ff                        |                  system_accelerator_0_delay__parameterized1_188 |        319 |        319 |       0 |    0 |    64 |      0 |      0 |    0 |          0 |
|                         buffer2_isUsed__ff                 |                                  system_accelerator_0_delay_189 |          6 |          6 |       0 |    0 |     5 |      0 |      0 |    0 |          0 |
|                         in_enabled__ff                     |                                  system_accelerator_0_delay_190 |          2 |          2 |       0 |    0 |     1 |      0 |      0 |    0 |          0 |
|                     state                                  |                                     system_accelerator_0_serdes |         12 |         12 |       0 |    0 |     8 |      0 |      0 |    0 |          0 |
|                       counter                              |          system_accelerator_0_counter_bus_fixed__parameterized1 |          8 |          8 |       0 |    0 |     6 |      0 |      0 |    0 |          0 |
|                         actualCounter                      |                system_accelerator_0_counter_bus__parameterized1 |          8 |          8 |       0 |    0 |     6 |      0 |      0 |    0 |          0 |
|                           nextCounter__ff                  |                  system_accelerator_0_delay__parameterized3_184 |          7 |          7 |       0 |    0 |     5 |      0 |      0 |    0 |          0 |
|                           nextCounter_isNotZero__ff        |                                  system_accelerator_0_delay_185 |          1 |          1 |       0 |    0 |     1 |      0 |      0 |    0 |          0 |
|                       isDes_ff                             |              system_accelerator_0_ff_en_imm__parameterized0_180 |          2 |          2 |       0 |    0 |     1 |      0 |      0 |    0 |          0 |
|                         val__ff                            |                  system_accelerator_0_delay__parameterized2_183 |          2 |          2 |       0 |    0 |     1 |      0 |      0 |    0 |          0 |
|                       isSer__ff                            |              system_accelerator_0_ff_en_imm__parameterized0_181 |          2 |          2 |       0 |    0 |     1 |      0 |      0 |    0 |          0 |
|                         val__ff                            |                  system_accelerator_0_delay__parameterized2_182 |          2 |          2 |       0 |    0 |     1 |      0 |      0 |    0 |          0 |
|                     twoIn                                  |                            system_accelerator_0_keccak_busTwoIn |         64 |         64 |       0 |    0 |     2 |      0 |      0 |    0 |          0 |
|                       isA__ff                              |              system_accelerator_0_ff_en_imm__parameterized0_176 |         64 |         64 |       0 |    0 |     1 |      0 |      0 |    0 |          0 |
|                         val__ff                            |                  system_accelerator_0_delay__parameterized2_179 |         64 |         64 |       0 |    0 |     1 |      0 |      0 |    0 |          0 |
|                       isB__ff                              |              system_accelerator_0_ff_en_imm__parameterized0_177 |          0 |          0 |       0 |    0 |     1 |      0 |      0 |    0 |          0 |
|                         val__ff                            |                  system_accelerator_0_delay__parameterized2_178 |          0 |          0 |       0 |    0 |     1 |      0 |      0 |    0 |          0 |
|                     twoOut                                 |                           system_accelerator_0_keccak_busTwoOut |          0 |          0 |       0 |    0 |     2 |      0 |      0 |    0 |          0 |
|                       isA__ff                              |              system_accelerator_0_ff_en_imm__parameterized0_172 |          0 |          0 |       0 |    0 |     1 |      0 |      0 |    0 |          0 |
|                         val__ff                            |                  system_accelerator_0_delay__parameterized2_175 |          0 |          0 |       0 |    0 |     1 |      0 |      0 |    0 |          0 |
|                       isB__ff                              |              system_accelerator_0_ff_en_imm__parameterized0_173 |          0 |          0 |       0 |    0 |     1 |      0 |      0 |    0 |          0 |
|                         val__ff                            |                  system_accelerator_0_delay__parameterized2_174 |          0 |          0 |       0 |    0 |     1 |      0 |      0 |    0 |          0 |
|                   cmdDelay                                 |              system_accelerator_0_bus_delay_std__parameterized3 |       4862 |       4862 |       0 |    0 |     9 |      0 |      0 |    0 |          0 |
|                     genblk1[0].del                         |             system_accelerator_0_bus_delay_std1__parameterized3 |       4862 |       4862 |       0 |    0 |     9 |      0 |      0 |    0 |          0 |
|                       buffer__ff                           |                 system_accelerator_0_delay__parameterized12_164 |       4861 |       4861 |       0 |    0 |     8 |      0 |      0 |    0 |          0 |
|                       buffer_isUsed__ff                    |                                  system_accelerator_0_delay_165 |          1 |          1 |       0 |    0 |     1 |      0 |      0 |    0 |          0 |
|                   ctrl                                     |                                system_accelerator_0_keccak_ctrl |         92 |         92 |       0 |    0 |    50 |      0 |      0 |    0 |          0 |
|                     dws_des128                             |                      system_accelerator_0_keccak_delayWithShift |          2 |          2 |       0 |    0 |     2 |      0 |      0 |    0 |          0 |
|                       d                                    |                  system_accelerator_0_delay__parameterized0_163 |          2 |          2 |       0 |    0 |     2 |      0 |      0 |    0 |          0 |
|                     dws_des256                             |                  system_accelerator_0_keccak_delayWithShift_130 |          6 |          6 |       0 |    0 |     2 |      0 |      0 |    0 |          0 |
|                       d                                    |                  system_accelerator_0_delay__parameterized0_162 |          6 |          6 |       0 |    0 |     2 |      0 |      0 |    0 |          0 |
|                     dws_desState                           |                  system_accelerator_0_keccak_delayWithShift_131 |          3 |          3 |       0 |    0 |     3 |      0 |      0 |    0 |          0 |
|                       d                                    |                  system_accelerator_0_delay__parameterized0_161 |          3 |          3 |       0 |    0 |     3 |      0 |      0 |    0 |          0 |
|                     dws_keccakContinue                     |                  system_accelerator_0_keccak_delayWithShift_132 |          5 |          5 |       0 |    0 |     3 |      0 |      0 |    0 |          0 |
|                       d                                    |                  system_accelerator_0_delay__parameterized0_160 |          5 |          5 |       0 |    0 |     3 |      0 |      0 |    0 |          0 |
|                     dws_keccakStart                        |                  system_accelerator_0_keccak_delayWithShift_133 |          1 |          1 |       0 |    0 |     3 |      0 |      0 |    0 |          0 |
|                       d                                    |                  system_accelerator_0_delay__parameterized0_159 |          1 |          1 |       0 |    0 |     3 |      0 |      0 |    0 |          0 |
|                     dws_ser128                             |                  system_accelerator_0_keccak_delayWithShift_134 |          3 |          3 |       0 |    0 |     3 |      0 |      0 |    0 |          0 |
|                       d                                    |                  system_accelerator_0_delay__parameterized0_158 |          3 |          3 |       0 |    0 |     3 |      0 |      0 |    0 |          0 |
|                     dws_ser256                             |                  system_accelerator_0_keccak_delayWithShift_135 |          9 |          9 |       0 |    0 |     3 |      0 |      0 |    0 |          0 |
|                       d                                    |                  system_accelerator_0_delay__parameterized0_157 |          9 |          9 |       0 |    0 |     3 |      0 |      0 |    0 |          0 |
|                     dws_serState                           |                  system_accelerator_0_keccak_delayWithShift_136 |         16 |         16 |       0 |    0 |     3 |      0 |      0 |    0 |          0 |
|                       d                                    |                  system_accelerator_0_delay__parameterized0_156 |         16 |         16 |       0 |    0 |     3 |      0 |      0 |    0 |          0 |
|                     firstK__ff                             |                                     system_accelerator_0_ff_s_r |          0 |          0 |       0 |    0 |     1 |      0 |      0 |    0 |          0 |
|                       preSet__ff                           |                                  system_accelerator_0_delay_155 |          0 |          0 |       0 |    0 |     1 |      0 |      0 |    0 |          0 |
|                     inState__canNotRestart__ff             |                             system_accelerator_0_ff_rs_next_137 |         13 |         13 |       0 |    0 |     1 |      0 |      0 |    0 |          0 |
|                       val__ff                              |                                  system_accelerator_0_delay_154 |         13 |         13 |       0 |    0 |     1 |      0 |      0 |    0 |          0 |
|                     inState__ff                            |                                 system_accelerator_0_ff_s_r_138 |          1 |          1 |       0 |    0 |     1 |      0 |      0 |    0 |          0 |
|                       preSet__ff                           |                                  system_accelerator_0_delay_153 |          1 |          1 |       0 |    0 |     1 |      0 |      0 |    0 |          0 |
|                     is128else256__ff                       |              system_accelerator_0_ff_en_imm__parameterized0_139 |          1 |          1 |       0 |    0 |     1 |      0 |      0 |    0 |          0 |
|                       val__ff                              |                  system_accelerator_0_delay__parameterized2_152 |          1 |          1 |       0 |    0 |     1 |      0 |      0 |    0 |          0 |
|                     numInBlocks                            |                system_accelerator_0_counter_bus__parameterized0 |         22 |         22 |       0 |    0 |    10 |      0 |      0 |    0 |          0 |
|                       nextCounter__ff                      |                 system_accelerator_0_delay__parameterized11_150 |         15 |         15 |       0 |    0 |     9 |      0 |      0 |    0 |          0 |
|                       nextCounter_isNotZero__ff            |                                  system_accelerator_0_delay_151 |          7 |          7 |       0 |    0 |     1 |      0 |      0 |    0 |          0 |
|                     numOutBlocks                           |            system_accelerator_0_counter_bus__parameterized0_140 |         19 |         19 |       0 |    0 |    10 |      0 |      0 |    0 |          0 |
|                       nextCounter__ff                      |                 system_accelerator_0_delay__parameterized11_148 |         18 |         18 |       0 |    0 |     9 |      0 |      0 |    0 |          0 |
|                       nextCounter_isNotZero__ff            |                                  system_accelerator_0_delay_149 |          1 |          1 |       0 |    0 |     1 |      0 |      0 |    0 |          0 |
|                     outState__canNotRestart__ff            |                             system_accelerator_0_ff_sr_next_141 |          0 |          0 |       0 |    0 |     1 |      0 |      0 |    0 |          0 |
|                       val__ff                              |                                  system_accelerator_0_delay_147 |          0 |          0 |       0 |    0 |     1 |      0 |      0 |    0 |          0 |
|                     outState__ff                           |                                 system_accelerator_0_ff_s_r_142 |          0 |          0 |       0 |    0 |     1 |      0 |      0 |    0 |          0 |
|                       preSet__ff                           |                                  system_accelerator_0_delay_146 |          0 |          0 |       0 |    0 |     1 |      0 |      0 |    0 |          0 |
|                     postInState__ff                        |                                 system_accelerator_0_ff_s_r_143 |          1 |          1 |       0 |    0 |     1 |      0 |      0 |    0 |          0 |
|                       preSet__ff                           |                                  system_accelerator_0_delay_145 |          1 |          1 |       0 |    0 |     1 |      0 |      0 |    0 |          0 |
|                     preventOverlapping__ff                 |                                 system_accelerator_0_ff_en_next |          0 |          0 |       0 |    0 |     1 |      0 |      0 |    0 |          0 |
|                       val__ff                              |                  system_accelerator_0_delay__parameterized2_144 |          0 |          0 |       0 |    0 |     1 |      0 |      0 |    0 |          0 |
|                   rst__ff                                  |                                  system_accelerator_0_delay_129 |          0 |          0 |       0 |    0 |     1 |      0 |      0 |    0 |          0 |
|                 k__buffer                                  |              system_accelerator_0_bus_delay_std__parameterized2 |         23 |         23 |       0 |    0 |    15 |      0 |      0 |    0 |          0 |
|                   genblk1[0].del                           |             system_accelerator_0_bus_delay_std1__parameterized2 |         23 |         23 |       0 |    0 |    15 |      0 |      0 |    0 |          0 |
|                     buffer__ff                             |                 system_accelerator_0_delay__parameterized10_127 |         18 |         18 |       0 |    0 |    14 |      0 |      0 |    0 |          0 |
|                     buffer_isUsed__ff                      |                                  system_accelerator_0_delay_128 |          5 |          5 |       0 |    0 |     1 |      0 |      0 |    0 |          0 |
|                 k_in                                       |                         system_accelerator_0_adapted_keccak__in |        199 |        199 |       0 |    0 |   242 |      0 |      0 |    0 |          0 |
|                   cmdBuf                                   |                      system_accelerator_0_bus_delayFull_fromstd |        124 |        124 |       0 |    0 |    94 |      0 |      0 |    0 |          0 |
|                     adapter                                |               system_accelerator_0_bus_fromstd1__parameterized0 |         93 |         93 |       0 |    0 |    13 |      0 |      0 |    0 |          0 |
|                       buffer__ff                           |                 system_accelerator_0_delay__parameterized16_125 |         91 |         91 |       0 |    0 |    12 |      0 |      0 |    0 |          0 |
|                       buffer_isUsed__ff                    |                                  system_accelerator_0_delay_126 |          2 |          2 |       0 |    0 |     1 |      0 |      0 |    0 |          0 |
|                     mainBuff                               |          system_accelerator_0_bus_delayFull_std__parameterized1 |         31 |         31 |       0 |    0 |    81 |      0 |      0 |    0 |          0 |
|                       genblk1[0].del                       |         system_accelerator_0_bus_delayFull_std1__parameterized1 |         13 |         13 |       0 |    0 |    27 |      0 |      0 |    0 |          0 |
|                         buffer1__ff                        |                 system_accelerator_0_delay__parameterized16_120 |          0 |          0 |       0 |    0 |    12 |      0 |      0 |    0 |          0 |
|                         buffer1_isUsed__ff                 |                                  system_accelerator_0_delay_121 |          1 |          1 |       0 |    0 |     1 |      0 |      0 |    0 |          0 |
|                         buffer2__ff                        |                 system_accelerator_0_delay__parameterized16_122 |          6 |          6 |       0 |    0 |    12 |      0 |      0 |    0 |          0 |
|                         buffer2_isUsed__ff                 |                                  system_accelerator_0_delay_123 |          0 |          0 |       0 |    0 |     1 |      0 |      0 |    0 |          0 |
|                         in_enabled__ff                     |                                  system_accelerator_0_delay_124 |          6 |          6 |       0 |    0 |     1 |      0 |      0 |    0 |          0 |
|                       genblk1[1].del                       |     system_accelerator_0_bus_delayFull_std1__parameterized1_109 |          9 |          9 |       0 |    0 |    27 |      0 |      0 |    0 |          0 |
|                         buffer1__ff                        |                 system_accelerator_0_delay__parameterized16_115 |          0 |          0 |       0 |    0 |    12 |      0 |      0 |    0 |          0 |
|                         buffer1_isUsed__ff                 |                                  system_accelerator_0_delay_116 |          1 |          1 |       0 |    0 |     1 |      0 |      0 |    0 |          0 |
|                         buffer2__ff                        |                 system_accelerator_0_delay__parameterized16_117 |          6 |          6 |       0 |    0 |    12 |      0 |      0 |    0 |          0 |
|                         buffer2_isUsed__ff                 |                                  system_accelerator_0_delay_118 |          1 |          1 |       0 |    0 |     1 |      0 |      0 |    0 |          0 |
|                         in_enabled__ff                     |                                  system_accelerator_0_delay_119 |          1 |          1 |       0 |    0 |     1 |      0 |      0 |    0 |          0 |
|                       genblk1[2].del                       |     system_accelerator_0_bus_delayFull_std1__parameterized1_110 |          9 |          9 |       0 |    0 |    27 |      0 |      0 |    0 |          0 |
|                         buffer1__ff                        |                     system_accelerator_0_delay__parameterized16 |          0 |          0 |       0 |    0 |    12 |      0 |      0 |    0 |          0 |
|                         buffer1_isUsed__ff                 |                                  system_accelerator_0_delay_111 |          1 |          1 |       0 |    0 |     1 |      0 |      0 |    0 |          0 |
|                         buffer2__ff                        |                 system_accelerator_0_delay__parameterized16_112 |          6 |          6 |       0 |    0 |    12 |      0 |      0 |    0 |          0 |
|                         buffer2_isUsed__ff                 |                                  system_accelerator_0_delay_113 |          1 |          1 |       0 |    0 |     1 |      0 |      0 |    0 |          0 |
|                         in_enabled__ff                     |                                  system_accelerator_0_delay_114 |          1 |          1 |       0 |    0 |     1 |      0 |      0 |    0 |          0 |
|                   seedA                                    |                               system_accelerator_0_seedAStorage |         75 |         75 |       0 |    0 |   138 |      0 |      0 |    0 |          0 |
|                     cmdBuffer                              |              system_accelerator_0_bus_delay_std__parameterized4 |         67 |         67 |       0 |    0 |     4 |      0 |      0 |    0 |          0 |
|                       genblk1[0].del                       |             system_accelerator_0_bus_delay_std1__parameterized4 |          0 |          0 |       0 |    0 |     2 |      0 |      0 |    0 |          0 |
|                         buffer__ff                         |                  system_accelerator_0_delay__parameterized2_107 |          0 |          0 |       0 |    0 |     1 |      0 |      0 |    0 |          0 |
|                         buffer_isUsed__ff                  |                                  system_accelerator_0_delay_108 |          0 |          0 |       0 |    0 |     1 |      0 |      0 |    0 |          0 |
|                       genblk1[1].del                       |         system_accelerator_0_bus_delay_std1__parameterized4_104 |         67 |         67 |       0 |    0 |     2 |      0 |      0 |    0 |          0 |
|                         buffer__ff                         |                  system_accelerator_0_delay__parameterized2_105 |         66 |         66 |       0 |    0 |     1 |      0 |      0 |    0 |          0 |
|                         buffer_isUsed__ff                  |                                  system_accelerator_0_delay_106 |          1 |          1 |       0 |    0 |     1 |      0 |      0 |    0 |          0 |
|                     isInElseOut__ff                        |               system_accelerator_0_ff_en_imm__parameterized0_95 |          0 |          0 |       0 |    0 |     1 |      0 |      0 |    0 |          0 |
|                       val__ff                              |                  system_accelerator_0_delay__parameterized2_103 |          0 |          0 |       0 |    0 |     1 |      0 |      0 |    0 |          0 |
|                     serdes                                 |                     system_accelerator_0_serdes__parameterized1 |          8 |          8 |       0 |    0 |     5 |      0 |      0 |    0 |          0 |
|                       counter                              |          system_accelerator_0_counter_bus_fixed__parameterized4 |          7 |          7 |       0 |    0 |     3 |      0 |      0 |    0 |          0 |
|                         actualCounter                      |                system_accelerator_0_counter_bus__parameterized4 |          7 |          7 |       0 |    0 |     3 |      0 |      0 |    0 |          0 |
|                           nextCounter__ff                  |                 system_accelerator_0_delay__parameterized18_101 |          1 |          1 |       0 |    0 |     2 |      0 |      0 |    0 |          0 |
|                           nextCounter_isNotZero__ff        |                                  system_accelerator_0_delay_102 |          6 |          6 |       0 |    0 |     1 |      0 |      0 |    0 |          0 |
|                       isDes_ff                             |               system_accelerator_0_ff_en_imm__parameterized0_97 |          1 |          1 |       0 |    0 |     1 |      0 |      0 |    0 |          0 |
|                         val__ff                            |                  system_accelerator_0_delay__parameterized2_100 |          1 |          1 |       0 |    0 |     1 |      0 |      0 |    0 |          0 |
|                       isSer__ff                            |               system_accelerator_0_ff_en_imm__parameterized0_98 |          0 |          0 |       0 |    0 |     1 |      0 |      0 |    0 |          0 |
|                         val__ff                            |                   system_accelerator_0_delay__parameterized2_99 |          0 |          0 |       0 |    0 |     1 |      0 |      0 |    0 |          0 |
|                     storage__ff                            |                  system_accelerator_0_delay__parameterized17_96 |          0 |          0 |       0 |    0 |   128 |      0 |      0 |    0 |          0 |
|                   seedA__cmdDisableSend__ff                |                              system_accelerator_0_ff_rs_next_92 |          0 |          0 |       0 |    0 |     1 |      0 |      0 |    0 |          0 |
|                     val__ff                                |                                   system_accelerator_0_delay_94 |          0 |          0 |       0 |    0 |     1 |      0 |      0 |    0 |          0 |
|                   zerosCounter                             |                           system_accelerator_0_counter_bus_diff |          0 |          0 |       0 |    0 |     9 |      0 |      0 |    0 |          0 |
|                     actualCounter                          |                system_accelerator_0_counter_bus__parameterized3 |          0 |          0 |       0 |    0 |     9 |      0 |      0 |    0 |          0 |
|                       nextCounter__ff                      |                     system_accelerator_0_delay__parameterized12 |          0 |          0 |       0 |    0 |     8 |      0 |      0 |    0 |          0 |
|                       nextCounter_isNotZero__ff            |                                   system_accelerator_0_delay_93 |          0 |          0 |       0 |    0 |     1 |      0 |      0 |    0 |          0 |
|                 k_out                                      |                        system_accelerator_0_adapted_keccak__out |          8 |          8 |       0 |    0 |     9 |      0 |      0 |    0 |          0 |
|                   cmdBuf                                   |          system_accelerator_0_bus_delay_fromstd__parameterized0 |          8 |          8 |       0 |    0 |     9 |      0 |      0 |    0 |          0 |
|                     adapter                                |               system_accelerator_0_bus_fromstd1__parameterized1 |          0 |          0 |       0 |    0 |     3 |      0 |      0 |    0 |          0 |
|                       buffer__ff                           |                  system_accelerator_0_delay__parameterized18_90 |          0 |          0 |       0 |    0 |     2 |      0 |      0 |    0 |          0 |
|                       buffer_isUsed__ff                    |                                   system_accelerator_0_delay_91 |          0 |          0 |       0 |    0 |     1 |      0 |      0 |    0 |          0 |
|                     mainBuff                               |              system_accelerator_0_bus_delay_std__parameterized5 |          8 |          8 |       0 |    0 |     6 |      0 |      0 |    0 |          0 |
|                       genblk1[0].del                       |             system_accelerator_0_bus_delay_std1__parameterized5 |          4 |          4 |       0 |    0 |     3 |      0 |      0 |    0 |          0 |
|                         buffer__ff                         |                  system_accelerator_0_delay__parameterized18_88 |          1 |          1 |       0 |    0 |     2 |      0 |      0 |    0 |          0 |
|                         buffer_isUsed__ff                  |                                   system_accelerator_0_delay_89 |          3 |          3 |       0 |    0 |     1 |      0 |      0 |    0 |          0 |
|                       genblk1[1].del                       |          system_accelerator_0_bus_delay_std1__parameterized5_85 |          4 |          4 |       0 |    0 |     3 |      0 |      0 |    0 |          0 |
|                         buffer__ff                         |                  system_accelerator_0_delay__parameterized18_86 |          3 |          3 |       0 |    0 |     2 |      0 |      0 |    0 |          0 |
|                         buffer_isUsed__ff                  |                                   system_accelerator_0_delay_87 |          1 |          1 |       0 |    0 |     1 |      0 |      0 |    0 |          0 |
|               memAndMul                                    |                                  system_accelerator_0_memAndMul |       8155 |       8155 |       0 |    0 |   909 |      8 |      0 |    0 |          0 |
|                 core                                       |                            system_accelerator_0_memAndMul__core |       3599 |       3599 |       0 |    0 |   572 |      8 |      0 |    0 |          0 |
|                   bus_inOp__ff1                            |                   system_accelerator_0_delay__parameterized1_32 |          0 |          0 |       0 |    0 |    64 |      0 |      0 |    0 |          0 |
|                   bus_inOp__ff2                            |                   system_accelerator_0_delay__parameterized1_33 |         64 |         64 |       0 |    0 |    64 |      0 |      0 |    0 |          0 |
|                   indexHandler                             |                    system_accelerator_0_memAndMul__indexHandler |        417 |        417 |       0 |    0 |    84 |      0 |      0 |    0 |          0 |
|                     currentCmd_in_isFirstCycle__ff1        |                                   system_accelerator_0_delay_67 |         29 |         29 |       0 |    0 |     1 |      0 |      0 |    0 |          0 |
|                     currentCmd_op_isLastCycle__ff1         |                                   system_accelerator_0_delay_68 |          5 |          5 |       0 |    0 |     1 |      0 |      0 |    0 |          0 |
|                     currentCmd_op_isLastCycle__ff2         |                                   system_accelerator_0_delay_69 |          5 |          5 |       0 |    0 |     1 |      0 |      0 |    0 |          0 |
|                     index1__toggle__ff                     |                                   system_accelerator_0_delay_70 |          3 |          3 |       0 |    0 |     1 |      0 |      0 |    0 |          0 |
|                     index1_has_next__ff1                   |                                   system_accelerator_0_delay_71 |         14 |         14 |       0 |    0 |     1 |      0 |      0 |    0 |          0 |
|                     index1_has_val__ff1                    |                                   system_accelerator_0_delay_72 |          3 |          3 |       0 |    0 |     1 |      0 |      0 |    0 |          0 |
|                     index1_has_val__ff2                    |                                   system_accelerator_0_delay_73 |          0 |          0 |       0 |    0 |     1 |      0 |      0 |    0 |          0 |
|                     index1_next__ff                        |                     system_accelerator_0_delay__parameterized10 |          5 |          5 |       0 |    0 |    14 |      0 |      0 |    0 |          0 |
|                     index2__ff                             |                  system_accelerator_0_delay__parameterized10_74 |          0 |          0 |       0 |    0 |    14 |      0 |      0 |    0 |          0 |
|                     index2_has_next__ff                    |                                   system_accelerator_0_delay_75 |          2 |          2 |       0 |    0 |     1 |      0 |      0 |    0 |          0 |
|                     index2_has_val__ff                     |                                   system_accelerator_0_delay_76 |          1 |          1 |       0 |    0 |     1 |      0 |      0 |    0 |          0 |
|                     index2_next__ff                        |                  system_accelerator_0_delay__parameterized10_77 |        324 |        324 |       0 |    0 |    14 |      0 |      0 |    0 |          0 |
|                     index2_update__ff                      |                                   system_accelerator_0_delay_78 |          1 |          1 |       0 |    0 |     1 |      0 |      0 |    0 |          0 |
|                     r_enable_op__ff1                       |                                   system_accelerator_0_delay_79 |          0 |          0 |       0 |    0 |     1 |      0 |      0 |    0 |          0 |
|                     r_enable_op__ff2                       |                                   system_accelerator_0_delay_80 |          0 |          0 |       0 |    0 |     1 |      0 |      0 |    0 |          0 |
|                     w_enable_op__ff1                       |                                   system_accelerator_0_delay_81 |          0 |          0 |       0 |    0 |     1 |      0 |      0 |    0 |          0 |
|                     w_enable_op__ff2                       |                                   system_accelerator_0_delay_82 |          0 |          0 |       0 |    0 |     1 |      0 |      0 |    0 |          0 |
|                     w_index_op__ff1                        |                  system_accelerator_0_delay__parameterized10_83 |         28 |         28 |       0 |    0 |    14 |      0 |      0 |    0 |          0 |
|                     w_index_op__ff2                        |                  system_accelerator_0_delay__parameterized10_84 |          0 |          0 |       0 |    0 |    14 |      0 |      0 |    0 |          0 |
|                   isNotZero__ff                            |                                   system_accelerator_0_delay_34 |          0 |          0 |       0 |    0 |     1 |      0 |      0 |    0 |          0 |
|                   m                                        |                                   system_accelerator_0_frodoMul |        714 |        714 |       0 |    0 |   128 |      0 |      0 |    0 |          0 |
|                     state__ff                              |                  system_accelerator_0_delay__parameterized17_66 |        714 |        714 |       0 |    0 |   128 |      0 |      0 |    0 |          0 |
|                   m__doOp__ff1                             |                                   system_accelerator_0_delay_35 |          0 |          0 |       0 |    0 |     1 |      0 |      0 |    0 |          0 |
|                   m__doOp__ff2                             |                                   system_accelerator_0_delay_36 |        128 |        128 |       0 |    0 |     1 |      0 |      0 |    0 |          0 |
|                   m__setStorage__ff1                       |                                   system_accelerator_0_delay_37 |          0 |          0 |       0 |    0 |     1 |      0 |      0 |    0 |          0 |
|                   m__setStorage__ff2                       |                                   system_accelerator_0_delay_38 |          0 |          0 |       0 |    0 |     1 |      0 |      0 |    0 |          0 |
|                   mainMemory                               |                                    system_accelerator_0_mainMem |       2260 |       2260 |       0 |    0 |   143 |      8 |      0 |    0 |          0 |
|                     b                                      |                                      system_accelerator_0_bram8 |       1956 |       1956 |       0 |    0 |   128 |      8 |      0 |    0 |          0 |
|                       (b)                                  |                                      system_accelerator_0_bram8 |        217 |        217 |       0 |    0 |     0 |      0 |      0 |    0 |          0 |
|                       genblk1[0].mem                       |                                       system_accelerator_0_bram |        133 |        133 |       0 |    0 |     0 |      1 |      0 |    0 |          0 |
|                       genblk1[1].mem                       |                                    system_accelerator_0_bram_57 |        164 |        164 |       0 |    0 |     0 |      1 |      0 |    0 |          0 |
|                       genblk1[2].mem                       |                                    system_accelerator_0_bram_58 |        176 |        176 |       0 |    0 |     0 |      1 |      0 |    0 |          0 |
|                       genblk1[3].mem                       |                                    system_accelerator_0_bram_59 |         99 |         99 |       0 |    0 |     0 |      1 |      0 |    0 |          0 |
|                       genblk1[4].mem                       |                                    system_accelerator_0_bram_60 |         58 |         58 |       0 |    0 |     0 |      1 |      0 |    0 |          0 |
|                       genblk1[5].mem                       |                                    system_accelerator_0_bram_61 |         63 |         63 |       0 |    0 |     0 |      1 |      0 |    0 |          0 |
|                       genblk1[6].mem                       |                                    system_accelerator_0_bram_62 |         48 |         48 |       0 |    0 |     0 |      1 |      0 |    0 |          0 |
|                       genblk1[7].mem                       |                                    system_accelerator_0_bram_63 |         72 |         72 |       0 |    0 |     0 |      1 |      0 |    0 |          0 |
|                       r_enable__ff1                        |                   system_accelerator_0_delay__parameterized1_64 |          0 |          0 |       0 |    0 |    64 |      0 |      0 |    0 |          0 |
|                       r_enable__ff2                        |                   system_accelerator_0_delay__parameterized1_65 |        948 |        948 |       0 |    0 |    64 |      0 |      0 |    0 |          0 |
|                     r__0                                   |                      system_accelerator_0_mainMem_readConnector |        304 |        304 |       0 |    0 |    15 |      0 |      0 |    0 |          0 |
|                       i_bus_B_col__ff1                     |                                   system_accelerator_0_delay_43 |          0 |          0 |       0 |    0 |     1 |      0 |      0 |    0 |          0 |
|                       i_bus_B_col__ff2                     |                                   system_accelerator_0_delay_44 |          0 |          0 |       0 |    0 |     1 |      0 |      0 |    0 |          0 |
|                       i_bus_S_row_DBG__ff1                 |                                   system_accelerator_0_delay_45 |          0 |          0 |       0 |    0 |     1 |      0 |      0 |    0 |          0 |
|                       i_bus_S_row_DBG__ff2                 |                                   system_accelerator_0_delay_46 |          0 |          0 |       0 |    0 |     1 |      0 |      0 |    0 |          0 |
|                       i_dubBus_C_col__ff1                  |                                   system_accelerator_0_delay_47 |          0 |          0 |       0 |    0 |     1 |      0 |      0 |    0 |          0 |
|                       i_dubBus_C_col__ff2                  |                                   system_accelerator_0_delay_48 |          0 |          0 |       0 |    0 |     1 |      0 |      0 |    0 |          0 |
|                       i_dubBus_C_row__ff1                  |                                   system_accelerator_0_delay_49 |          0 |          0 |       0 |    0 |     1 |      0 |      0 |    0 |          0 |
|                       i_dubBus_C_row__ff2                  |                                   system_accelerator_0_delay_50 |        300 |        300 |       0 |    0 |     2 |      0 |      0 |    0 |          0 |
|                       i_index__ff1__0                      |                                   system_accelerator_0_delay_51 |          0 |          0 |       0 |    0 |     1 |      0 |      0 |    0 |          0 |
|                       i_index__ff1__2                      |                                   system_accelerator_0_delay_52 |          0 |          0 |       0 |    0 |     1 |      0 |      0 |    0 |          0 |
|                       i_index__ff2__0                      |                                   system_accelerator_0_delay_53 |          0 |          0 |       0 |    0 |     1 |      0 |      0 |    0 |          0 |
|                       i_index__ff2__2                      |                                   system_accelerator_0_delay_54 |          1 |          1 |       0 |    0 |     1 |      0 |      0 |    0 |          0 |
|                       i_paral_C_mat__ff1                   |                                   system_accelerator_0_delay_55 |          0 |          0 |       0 |    0 |     1 |      0 |      0 |    0 |          0 |
|                       i_paral_C_mat__ff2                   |                                   system_accelerator_0_delay_56 |          4 |          4 |       0 |    0 |     1 |      0 |      0 |    0 |          0 |
|                   mainMemory__r_bus__ff                    |                   system_accelerator_0_delay__parameterized1_39 |          0 |          0 |       0 |    0 |    64 |      0 |      0 |    0 |          0 |
|                   r_quarterBus__ff                         |                              system_accelerator_0_optionalDelay |          6 |          6 |       0 |    0 |    16 |      0 |      0 |    0 |          0 |
|                     in__ff                                 |                   system_accelerator_0_delay__parameterized4_42 |          6 |          6 |       0 |    0 |    16 |      0 |      0 |    0 |          0 |
|                   state__consume__ff                       |                                   system_accelerator_0_delay_40 |          0 |          0 |       0 |    0 |     1 |      0 |      0 |    0 |          0 |
|                   state__counter                           |          system_accelerator_0_counter_bus_state__parameterized1 |         10 |         10 |       0 |    0 |     3 |      0 |      0 |    0 |          0 |
|                     stateNext__ff                          |                   system_accelerator_0_delay__parameterized0_41 |         10 |         10 |       0 |    0 |     3 |      0 |      0 |    0 |          0 |
|                 ctrl                                       |                             system_accelerator_0_memAndMul_ctrl |       3683 |       3683 |       0 |    0 |    60 |      0 |      0 |    0 |          0 |
|                   cmdBuf                                   |          system_accelerator_0_bus_delay_fromstd__parameterized1 |         69 |         69 |       0 |    0 |    20 |      0 |      0 |    0 |          0 |
|                     adapter                                |               system_accelerator_0_bus_fromstd1__parameterized2 |         68 |         68 |       0 |    0 |    10 |      0 |      0 |    0 |          0 |
|                       buffer__ff                           |                  system_accelerator_0_delay__parameterized11_30 |         68 |         68 |       0 |    0 |     9 |      0 |      0 |    0 |          0 |
|                       buffer_isUsed__ff                    |                                   system_accelerator_0_delay_31 |          0 |          0 |       0 |    0 |     1 |      0 |      0 |    0 |          0 |
|                     mainBuff                               |              system_accelerator_0_bus_delay_std__parameterized6 |          1 |          1 |       0 |    0 |    10 |      0 |      0 |    0 |          0 |
|                       genblk1[0].del                       |             system_accelerator_0_bus_delay_std1__parameterized6 |          1 |          1 |       0 |    0 |    10 |      0 |      0 |    0 |          0 |
|                         buffer__ff                         |                     system_accelerator_0_delay__parameterized11 |          0 |          0 |       0 |    0 |     9 |      0 |      0 |    0 |          0 |
|                         buffer_isUsed__ff                  |                                   system_accelerator_0_delay_29 |          1 |          1 |       0 |    0 |     1 |      0 |      0 |    0 |          0 |
|                   cmd__ff                                  |                     system_accelerator_0_delay__parameterized19 |       3504 |       3504 |       0 |    0 |    37 |      0 |      0 |    0 |          0 |
|                   currentCmd_in_isFirstCycle__ff           |                                   system_accelerator_0_delay_25 |          1 |          1 |       0 |    0 |     1 |      0 |      0 |    0 |          0 |
|                   currentCmd_out_isFirstCycle__ff          |                                   system_accelerator_0_delay_26 |          0 |          0 |       0 |    0 |     1 |      0 |      0 |    0 |          0 |
|                   in_isPack__ff                            |               system_accelerator_0_ff_en_imm__parameterized0_27 |        110 |        110 |       0 |    0 |     1 |      0 |      0 |    0 |          0 |
|                     val__ff                                |                   system_accelerator_0_delay__parameterized2_28 |        110 |        110 |       0 |    0 |     1 |      0 |      0 |    0 |          0 |
|                 o                                          |                      system_accelerator_0_memAndMul__outAdapter |        308 |        308 |       0 |    0 |   136 |      0 |      0 |    0 |          0 |
|                   buffer__ff                               |                     system_accelerator_0_delay__parameterized17 |        227 |        227 |       0 |    0 |   128 |      0 |      0 |    0 |          0 |
|                   buffer_isLast__ff                        |                     system_accelerator_0_delay__parameterized18 |          1 |          1 |       0 |    0 |     2 |      0 |      0 |    0 |          0 |
|                   buffer_isReady__ff                       |                  system_accelerator_0_delay__parameterized18_20 |         75 |         75 |       0 |    0 |     2 |      0 |      0 |    0 |          0 |
|                   bus_in_isLast__ff1                       |                                   system_accelerator_0_delay_21 |          0 |          0 |       0 |    0 |     1 |      0 |      0 |    0 |          0 |
|                   bus_in_isLast__ff2                       |                                   system_accelerator_0_delay_22 |          0 |          0 |       0 |    0 |     1 |      0 |      0 |    0 |          0 |
|                   bus_in_isReady__ff1                      |                                   system_accelerator_0_delay_23 |          0 |          0 |       0 |    0 |     1 |      0 |      0 |    0 |          0 |
|                   bus_in_isReady__ff2                      |                                   system_accelerator_0_delay_24 |          6 |          6 |       0 |    0 |     1 |      0 |      0 |    0 |          0 |
|                 pack                                       |                            system_accelerator_0_memAndMul__pack |        434 |        434 |       0 |    0 |    71 |      0 |      0 |    0 |          0 |
|                   isPack__ff1                              |                                   system_accelerator_0_delay_16 |          0 |          0 |       0 |    0 |     1 |      0 |      0 |    0 |          0 |
|                   isPack__ff2                              |                                   system_accelerator_0_delay_17 |         58 |         58 |       0 |    0 |     1 |      0 |      0 |    0 |          0 |
|                   p15                                      |                          system_accelerator_0_memAndMul__pack15 |        376 |        376 |       0 |    0 |    69 |      0 |      0 |    0 |          0 |
|                     store__ff                              |                   system_accelerator_0_delay__parameterized1_18 |          0 |          0 |       0 |    0 |    64 |      0 |      0 |    0 |          0 |
|                     store_size__ff                         |                   system_accelerator_0_delay__parameterized3_19 |        376 |        376 |       0 |    0 |     5 |      0 |      0 |    0 |          0 |
|                 unpack                                     |                          system_accelerator_0_memAndMul__unpack |        241 |        241 |       0 |    0 |    70 |      0 |      0 |    0 |          0 |
|                   p15                                      |                        system_accelerator_0_memAndMul__unpack15 |        241 |        241 |       0 |    0 |    70 |      0 |      0 |    0 |          0 |
|                     store__ff                              |                   system_accelerator_0_delay__parameterized1_15 |          4 |          4 |       0 |    0 |    64 |      0 |      0 |    0 |          0 |
|                     store_size__ff                         |                      system_accelerator_0_delay__parameterized3 |        237 |        237 |       0 |    0 |     6 |      0 |      0 |    0 |          0 |
|               o_in                                         |                      system_accelerator_0_main_adapter_outer_in |         39 |         39 |       0 |    0 |    18 |      0 |      0 |    0 |          0 |
|                 counter                                    |                              system_accelerator_0_counter_bus_8 |         36 |         36 |       0 |    0 |    16 |      0 |      0 |    0 |          0 |
|                   nextCounter__ff                          |                   system_accelerator_0_delay__parameterized9_13 |         33 |         33 |       0 |    0 |    15 |      0 |      0 |    0 |          0 |
|                   nextCounter_isNotZero__ff                |                                   system_accelerator_0_delay_14 |          4 |          4 |       0 |    0 |     1 |      0 |      0 |    0 |          0 |
|                 noCounterEnded__ff                         |                               system_accelerator_0_ff_rs_next_9 |          3 |          3 |       0 |    0 |     1 |      0 |      0 |    0 |          0 |
|                   val__ff                                  |                                   system_accelerator_0_delay_12 |          3 |          3 |       0 |    0 |     1 |      0 |      0 |    0 |          0 |
|                 useCounter__ff1                            |               system_accelerator_0_ff_en_imm__parameterized0_10 |          0 |          0 |       0 |    0 |     1 |      0 |      0 |    0 |          0 |
|                   val__ff                                  |                   system_accelerator_0_delay__parameterized2_11 |          0 |          0 |       0 |    0 |     1 |      0 |      0 |    0 |          0 |
|               o_out                                        |                     system_accelerator_0_main_adapter_outer_out |         39 |         39 |       0 |    0 |    18 |      0 |      0 |    0 |          0 |
|                 counter                                    |                                system_accelerator_0_counter_bus |         36 |         36 |       0 |    0 |    16 |      0 |      0 |    0 |          0 |
|                   nextCounter__ff                          |                      system_accelerator_0_delay__parameterized9 |         28 |         28 |       0 |    0 |    15 |      0 |      0 |    0 |          0 |
|                   nextCounter_isNotZero__ff                |                                    system_accelerator_0_delay_7 |          8 |          8 |       0 |    0 |     1 |      0 |      0 |    0 |          0 |
|                 noCounterEnded__ff                         |                                 system_accelerator_0_ff_rs_next |          3 |          3 |       0 |    0 |     1 |      0 |      0 |    0 |          0 |
|                   val__ff                                  |                                    system_accelerator_0_delay_6 |          3 |          3 |       0 |    0 |     1 |      0 |      0 |    0 |          0 |
|                 useCounter__ff1                            |                system_accelerator_0_ff_en_imm__parameterized0_4 |          0 |          0 |       0 |    0 |     1 |      0 |      0 |    0 |          0 |
|                   val__ff                                  |                    system_accelerator_0_delay__parameterized2_5 |          0 |          0 |       0 |    0 |     1 |      0 |      0 |    0 |          0 |
|             currCmd_isTest__ff                             |                                 system_accelerator_0_ff_sr_next |          1 |          1 |       0 |    0 |     1 |      0 |      0 |    0 |          0 |
|               val__ff                                      |                                    system_accelerator_0_delay_3 |          1 |          1 |       0 |    0 |     1 |      0 |      0 |    0 |          0 |
|             expDelay                                       |            system_accelerator_0_bus_delay_unstd__parameterized0 |         48 |         48 |       0 |    0 |    29 |      0 |      0 |    0 |          0 |
|               genblk1[0].del                               |                           system_accelerator_0_bus_delay_unstd1 |         48 |         48 |       0 |    0 |    29 |      0 |      0 |    0 |          0 |
|                 buffer__ff                                 |                      system_accelerator_0_delay__parameterized7 |         46 |         46 |       0 |    0 |    28 |      0 |      0 |    0 |          0 |
|                 buffer_isUsed__ff                          |                                    system_accelerator_0_delay_2 |          2 |          2 |       0 |    0 |     1 |      0 |      0 |    0 |          0 |
|             flt                                            |                          system_accelerator_0_command_flattener |         34 |         34 |       0 |    0 |    32 |      0 |      0 |    0 |          0 |
|               genA__counter__ff                            |                      system_accelerator_0_delay__parameterized4 |         30 |         30 |       0 |    0 |    16 |      0 |      0 |    0 |          0 |
|               i__genA__counter__ff                         |                  system_accelerator_0_ff_en_imm__parameterized1 |          4 |          4 |       0 |    0 |    16 |      0 |      0 |    0 |          0 |
|                 val__ff                                    |                    system_accelerator_0_delay__parameterized4_1 |          4 |          4 |       0 |    0 |    16 |      0 |      0 |    0 |          0 |
|             frodoParam__ff                                 |                                  system_accelerator_0_ff_en_imm |          0 |          0 |       0 |    0 |     3 |      0 |      0 |    0 |          0 |
|               val__ff                                      |                      system_accelerator_0_delay__parameterized0 |          0 |          0 |       0 |    0 |     3 |      0 |      0 |    0 |          0 |
|             lastCmd_isTest__ff                             |                  system_accelerator_0_ff_en_imm__parameterized0 |          0 |          0 |       0 |    0 |     1 |      0 |      0 |    0 |          0 |
|               val__ff                                      |                      system_accelerator_0_delay__parameterized2 |          0 |          0 |       0 |    0 |     1 |      0 |      0 |    0 |          0 |
|             outDelay                                       |              system_accelerator_0_bus_delay_std__parameterized0 |          1 |          1 |       0 |    0 |    65 |      0 |      0 |    0 |          0 |
|               genblk1[0].del                               |             system_accelerator_0_bus_delay_std1__parameterized0 |          1 |          1 |       0 |    0 |    65 |      0 |      0 |    0 |          0 |
|                 buffer__ff                                 |                      system_accelerator_0_delay__parameterized1 |          0 |          0 |       0 |    0 |    64 |      0 |      0 |    0 |          0 |
|                 buffer_isUsed__ff                          |                                    system_accelerator_0_delay_0 |          1 |          1 |       0 |    0 |     1 |      0 |      0 |    0 |          0 |
|             rst__ff                                        |                                      system_accelerator_0_delay |          2 |          2 |       0 |    0 |     2 |      0 |      0 |    0 |          0 |
|             seq                                            |                          system_accelerator_0_command_sequences |        238 |        238 |       0 |    0 |    30 |      0 |      0 |    0 |          0 |
|               oCurr__ff                                    |                      system_accelerator_0_delay__parameterized5 |          0 |          0 |       0 |    0 |     4 |      0 |      0 |    0 |          0 |
|               state__counter                               |          system_accelerator_0_counter_bus_state__parameterized0 |        238 |        238 |       0 |    0 |    26 |      0 |      0 |    0 |          0 |
|                 stateNext__ff                              |                      system_accelerator_0_delay__parameterized6 |        238 |        238 |       0 |    0 |    26 |      0 |      0 |    0 |          0 |
|           wrapper                                          |                         system_accelerator_0_frodokem_axi_shell |        714 |        634 |      80 |    0 |   628 |      0 |      0 |    0 |          0 |
|             (wrapper)                                      |                         system_accelerator_0_frodokem_axi_shell |        182 |        182 |       0 |    0 |   299 |      0 |      0 |    0 |          0 |
|             input_fifo                                     |                         system_accelerator_0_frodokem_word_fifo |         61 |         21 |      40 |    0 |     4 |      0 |      0 |    0 |          0 |
|             output_fifo                                    |         system_accelerator_0_frodokem_word_fifo__parameterized0 |         46 |          6 |      40 |    0 |     4 |      0 |      0 |    0 |          0 |
|             registers                                      |                         system_accelerator_0_frodokem_axil_regs |        426 |        426 |       0 |    0 |   321 |      0 |      0 |    0 |          0 |
|     control                                                |                                                system_control_0 |        587 |        586 |       0 |    1 |   733 |      0 |      0 |    0 |          0 |
|       inst                                                 |                                        system_control_0_bd_6ec6 |        587 |        586 |       0 |    1 |   733 |      0 |      0 |    0 |          0 |
|         clk_map                                            |                             system_control_0_clk_map_imp_DQN1O1 |         12 |         11 |       0 |    1 |    22 |      0 |      0 |    0 |          0 |
|           psr_aclk                                         |                             system_control_0_bd_6ec6_psr_aclk_0 |         12 |         11 |       0 |    1 |    22 |      0 |      0 |    0 |          0 |
|             U0                                             |                                 system_control_0_proc_sys_reset |         12 |         11 |       0 |    1 |    22 |      0 |      0 |    0 |          0 |
|               (U0)                                         |                                 system_control_0_proc_sys_reset |          0 |          0 |       0 |    0 |     1 |      0 |      0 |    0 |          0 |
|               EXT_LPF                                      |                                            system_control_0_lpf |          3 |          2 |       0 |    1 |     6 |      0 |      0 |    0 |          0 |
|                 (EXT_LPF)                                  |                                            system_control_0_lpf |          2 |          1 |       0 |    1 |     2 |      0 |      0 |    0 |          0 |
|                 ACTIVE_LOW_AUX.ACT_LO_AUX                  |                                       system_control_0_cdc_sync |          1 |          1 |       0 |    0 |     4 |      0 |      0 |    0 |          0 |
|               SEQ                                          |                                   system_control_0_sequence_psr |          9 |          9 |       0 |    0 |    15 |      0 |      0 |    0 |          0 |
|                 (SEQ)                                      |                                   system_control_0_sequence_psr |          5 |          5 |       0 |    0 |     9 |      0 |      0 |    0 |          0 |
|                 SEQ_COUNTER                                |                                        system_control_0_upcnt_n |          4 |          4 |       0 |    0 |     6 |      0 |      0 |    0 |          0 |
|         m00_exit_pipeline                                  |                  system_control_0_m00_exit_pipeline_imp_1JTDQ0A |          7 |          7 |       0 |    0 |     9 |      0 |      0 |    0 |          0 |
|           m00_exit                                         |                                 system_control_0_bd_6ec6_m00e_0 |          7 |          7 |       0 |    0 |     9 |      0 |      0 |    0 |          0 |
|             inst                                           |                            system_control_0_sc_exit_v1_0_13_top |          7 |          7 |       0 |    0 |     9 |      0 |      0 |    0 |          0 |
|               (inst)                                       |                            system_control_0_sc_exit_v1_0_13_top |          2 |          2 |       0 |    0 |     2 |      0 |      0 |    0 |          0 |
|               exit_inst                                    |                           system_control_0_sc_exit_v1_0_13_exit |          5 |          5 |       0 |    0 |     4 |      0 |      0 |    0 |          0 |
|               xpm_cdc_async_rst_inst                       |                           system_control_0_xpm_cdc_async_rst__1 |          0 |          0 |       0 |    0 |     3 |      0 |      0 |    0 |          0 |
|         m00_sc2axi                                         |                               system_control_0_bd_6ec6_m00s2a_0 |          0 |          0 |       0 |    0 |     0 |      0 |      0 |    0 |          0 |
|           inst                                             |                           system_control_0_sc_sc2axi_v1_0_8_top |          0 |          0 |       0 |    0 |     0 |      0 |      0 |    0 |          0 |
|         s00_axi2sc                                         |                               system_control_0_bd_6ec6_s00a2s_0 |          0 |          0 |       0 |    0 |     0 |      0 |      0 |    0 |          0 |
|           inst                                             |                           system_control_0_sc_axi2sc_v1_0_8_top |          0 |          0 |       0 |    0 |     0 |      0 |      0 |    0 |          0 |
|         s00_entry_pipeline                                 |                  system_control_0_s00_entry_pipeline_imp_KJBDUX |        529 |        529 |       0 |    0 |   558 |      0 |      0 |    0 |          0 |
|           s00_mmu                                          |                               system_control_0_bd_6ec6_s00mmu_0 |        215 |        215 |       0 |    0 |   215 |      0 |      0 |    0 |          0 |
|             inst                                           |                             system_control_0_sc_mmu_v1_0_11_top |        215 |        215 |       0 |    0 |   215 |      0 |      0 |    0 |          0 |
|               (inst)                                       |                             system_control_0_sc_mmu_v1_0_11_top |         77 |         77 |       0 |    0 |    15 |      0 |      0 |    0 |          0 |
|               ar_reg_stall                                 |   system_control_0_sc_util_v1_0_4_axi_reg_stall__parameterized0 |         43 |         43 |       0 |    0 |    82 |      0 |      0 |    0 |          0 |
|               aw_reg_stall                                 | system_control_0_sc_util_v1_0_4_axi_reg_stall__parameterized0_7 |         39 |         39 |       0 |    0 |    66 |      0 |      0 |    0 |          0 |
|               gen_endpoint.decerr_slave_inst               |                    system_control_0_sc_mmu_v1_0_11_decerr_slave |         57 |         57 |       0 |    0 |    49 |      0 |      0 |    0 |          0 |
|               xpm_cdc_async_rst_inst                       |                           system_control_0_xpm_cdc_async_rst__2 |          0 |          0 |       0 |    0 |     3 |      0 |      0 |    0 |          0 |
|           s00_si_converter                                 |                               system_control_0_bd_6ec6_s00sic_0 |        309 |        309 |       0 |    0 |   303 |      0 |      0 |    0 |          0 |
|             inst                                           |                    system_control_0_sc_si_converter_v1_0_11_top |        309 |        309 |       0 |    0 |   303 |      0 |      0 |    0 |          0 |
|               (inst)                                       |                    system_control_0_sc_si_converter_v1_0_11_top |          1 |          1 |       0 |    0 |     1 |      0 |      0 |    0 |          0 |
|               gen_axilite_conv.axilite_conv_inst           |           system_control_0_sc_si_converter_v1_0_11_axilite_conv |        308 |        308 |       0 |    0 |   299 |      0 |      0 |    0 |          0 |
|               xpm_cdc_async_rst_inst                       |                           system_control_0_xpm_cdc_async_rst__3 |          0 |          0 |       0 |    0 |     3 |      0 |      0 |    0 |          0 |
|           s00_transaction_regulator                        |                                system_control_0_bd_6ec6_s00tr_0 |          7 |          7 |       0 |    0 |    40 |      0 |      0 |    0 |          0 |
|             inst                                           |            system_control_0_sc_transaction_regulator_v1_0_9_top |          7 |          7 |       0 |    0 |    40 |      0 |      0 |    0 |          0 |
|               (inst)                                       |            system_control_0_sc_transaction_regulator_v1_0_9_top |          1 |          1 |       0 |    0 |     1 |      0 |      0 |    0 |          0 |
|               gen_endpoint.gen_r_singleorder.r_singleorder |    system_control_0_sc_transaction_regulator_v1_0_9_singleorder |          4 |          4 |       0 |    0 |    18 |      0 |      0 |    0 |          0 |
|               gen_endpoint.gen_w_singleorder.w_singleorder |  system_control_0_sc_transaction_regulator_v1_0_9_singleorder_6 |          2 |          2 |       0 |    0 |    18 |      0 |      0 |    0 |          0 |
|               xpm_cdc_async_rst_inst                       |                           system_control_0_xpm_cdc_async_rst__4 |          0 |          0 |       0 |    0 |     3 |      0 |      0 |    0 |          0 |
|         s00_nodes                                          |                           system_control_0_s00_nodes_imp_QK7HMB |         40 |         40 |       0 |    0 |   144 |      0 |      0 |    0 |          0 |
|           s00_ar_node                                      |                                 system_control_0_bd_6ec6_sarn_0 |          8 |          8 |       0 |    0 |    22 |      0 |      0 |    0 |          0 |
|             inst                                           |                            system_control_0_sc_node_v1_0_14_top |          8 |          8 |       0 |    0 |    22 |      0 |      0 |    0 |          0 |
|               (inst)                                       |                            system_control_0_sc_node_v1_0_14_top |          3 |          3 |       0 |    0 |     1 |      0 |      0 |    0 |          0 |
|               inst_mi_handler                              |                     system_control_0_sc_node_v1_0_14_mi_handler |          5 |          5 |       0 |    0 |    18 |      0 |      0 |    0 |          0 |
|                 (inst_mi_handler)                          |                     system_control_0_sc_node_v1_0_14_mi_handler |          0 |          0 |       0 |    0 |     2 |      0 |      0 |    0 |          0 |
|                 gen_normal_area.inst_fifo_node_payld       |                         system_control_0_sc_node_v1_0_14_fifo_3 |          5 |          5 |       0 |    0 |    16 |      0 |      0 |    0 |          0 |
|                   gen_reg_fifo.inst_reg_fifo               |                     system_control_0_sc_node_v1_0_14_reg_fifo_4 |          5 |          5 |       0 |    0 |    16 |      0 |      0 |    0 |          0 |
|                     (gen_reg_fifo.inst_reg_fifo)           |                     system_control_0_sc_node_v1_0_14_reg_fifo_4 |          1 |          1 |       0 |    0 |    14 |      0 |      0 |    0 |          0 |
|                     gen_single_rank.inst_cntr              |                       system_control_0_sc_util_v1_0_4_counter_5 |          4 |          4 |       0 |    0 |     2 |      0 |      0 |    0 |          0 |
|               s_sc_xpm_cdc_async_rst_inst                  |                           system_control_0_xpm_cdc_async_rst__5 |          0 |          0 |       0 |    0 |     3 |      0 |      0 |    0 |          0 |
|           s00_aw_node                                      |                                 system_control_0_bd_6ec6_sawn_0 |          8 |          8 |       0 |    0 |    22 |      0 |      0 |    0 |          0 |
|             inst                                           |            system_control_0_sc_node_v1_0_14_top__parameterized0 |          8 |          8 |       0 |    0 |    22 |      0 |      0 |    0 |          0 |
|               (inst)                                       |            system_control_0_sc_node_v1_0_14_top__parameterized0 |          3 |          3 |       0 |    0 |     1 |      0 |      0 |    0 |          0 |
|               inst_mi_handler                              |     system_control_0_sc_node_v1_0_14_mi_handler__parameterized0 |          5 |          5 |       0 |    0 |    18 |      0 |      0 |    0 |          0 |
|                 (inst_mi_handler)                          |     system_control_0_sc_node_v1_0_14_mi_handler__parameterized0 |          0 |          0 |       0 |    0 |     2 |      0 |      0 |    0 |          0 |
|                 gen_normal_area.inst_fifo_node_payld       |                           system_control_0_sc_node_v1_0_14_fifo |          5 |          5 |       0 |    0 |    16 |      0 |      0 |    0 |          0 |
|                   gen_reg_fifo.inst_reg_fifo               |                       system_control_0_sc_node_v1_0_14_reg_fifo |          5 |          5 |       0 |    0 |    16 |      0 |      0 |    0 |          0 |
|                     (gen_reg_fifo.inst_reg_fifo)           |                       system_control_0_sc_node_v1_0_14_reg_fifo |          1 |          1 |       0 |    0 |    14 |      0 |      0 |    0 |          0 |
|                     gen_single_rank.inst_cntr              |                       system_control_0_sc_util_v1_0_4_counter_2 |          4 |          4 |       0 |    0 |     2 |      0 |      0 |    0 |          0 |
|               s_sc_xpm_cdc_async_rst_inst                  |                           system_control_0_xpm_cdc_async_rst__7 |          0 |          0 |       0 |    0 |     3 |      0 |      0 |    0 |          0 |
|           s00_b_node                                       |                                  system_control_0_bd_6ec6_sbn_0 |          8 |          8 |       0 |    0 |    11 |      0 |      0 |    0 |          0 |
|             inst                                           |            system_control_0_sc_node_v1_0_14_top__parameterized1 |          8 |          8 |       0 |    0 |    11 |      0 |      0 |    0 |          0 |
|               (inst)                                       |            system_control_0_sc_node_v1_0_14_top__parameterized1 |          3 |          3 |       0 |    0 |     1 |      0 |      0 |    0 |          0 |
|               inst_mi_handler                              |     system_control_0_sc_node_v1_0_14_mi_handler__parameterized1 |          5 |          5 |       0 |    0 |     7 |      0 |      0 |    0 |          0 |
|                 (inst_mi_handler)                          |     system_control_0_sc_node_v1_0_14_mi_handler__parameterized1 |          0 |          0 |       0 |    0 |     2 |      0 |      0 |    0 |          0 |
|                 gen_normal_area.inst_fifo_node_payld       |           system_control_0_sc_node_v1_0_14_fifo__parameterized0 |          5 |          5 |       0 |    0 |     5 |      0 |      0 |    0 |          0 |
|                   gen_reg_fifo.inst_reg_fifo               |       system_control_0_sc_node_v1_0_14_reg_fifo__parameterized0 |          5 |          5 |       0 |    0 |     5 |      0 |      0 |    0 |          0 |
|                     (gen_reg_fifo.inst_reg_fifo)           |       system_control_0_sc_node_v1_0_14_reg_fifo__parameterized0 |          1 |          1 |       0 |    0 |     3 |      0 |      0 |    0 |          0 |
|                     gen_single_rank.inst_cntr              |                       system_control_0_sc_util_v1_0_4_counter_1 |          4 |          4 |       0 |    0 |     2 |      0 |      0 |    0 |          0 |
|               s_sc_xpm_cdc_async_rst_inst                  |                           system_control_0_xpm_cdc_async_rst__9 |          0 |          0 |       0 |    0 |     3 |      0 |      0 |    0 |          0 |
|           s00_r_node                                       |                                  system_control_0_bd_6ec6_srn_0 |          8 |          8 |       0 |    0 |    43 |      0 |      0 |    0 |          0 |
|             inst                                           |            system_control_0_sc_node_v1_0_14_top__parameterized2 |          8 |          8 |       0 |    0 |    43 |      0 |      0 |    0 |          0 |
|               (inst)                                       |            system_control_0_sc_node_v1_0_14_top__parameterized2 |          3 |          3 |       0 |    0 |     1 |      0 |      0 |    0 |          0 |
|               inst_mi_handler                              |     system_control_0_sc_node_v1_0_14_mi_handler__parameterized2 |          5 |          5 |       0 |    0 |    39 |      0 |      0 |    0 |          0 |
|                 (inst_mi_handler)                          |     system_control_0_sc_node_v1_0_14_mi_handler__parameterized2 |          0 |          0 |       0 |    0 |     2 |      0 |      0 |    0 |          0 |
|                 gen_normal_area.inst_fifo_node_payld       |           system_control_0_sc_node_v1_0_14_fifo__parameterized1 |          5 |          5 |       0 |    0 |    37 |      0 |      0 |    0 |          0 |
|                   gen_reg_fifo.inst_reg_fifo               |       system_control_0_sc_node_v1_0_14_reg_fifo__parameterized1 |          5 |          5 |       0 |    0 |    37 |      0 |      0 |    0 |          0 |
|                     (gen_reg_fifo.inst_reg_fifo)           |       system_control_0_sc_node_v1_0_14_reg_fifo__parameterized1 |          1 |          1 |       0 |    0 |    35 |      0 |      0 |    0 |          0 |
|                     gen_single_rank.inst_cntr              |                       system_control_0_sc_util_v1_0_4_counter_0 |          4 |          4 |       0 |    0 |     2 |      0 |      0 |    0 |          0 |
|               s_sc_xpm_cdc_async_rst_inst                  |                          system_control_0_xpm_cdc_async_rst__11 |          0 |          0 |       0 |    0 |     3 |      0 |      0 |    0 |          0 |
|           s00_w_node                                       |                                  system_control_0_bd_6ec6_swn_0 |          8 |          8 |       0 |    0 |    46 |      0 |      0 |    0 |          0 |
|             inst                                           |            system_control_0_sc_node_v1_0_14_top__parameterized3 |          8 |          8 |       0 |    0 |    46 |      0 |      0 |    0 |          0 |
|               (inst)                                       |            system_control_0_sc_node_v1_0_14_top__parameterized3 |          3 |          3 |       0 |    0 |     1 |      0 |      0 |    0 |          0 |
|               inst_mi_handler                              |     system_control_0_sc_node_v1_0_14_mi_handler__parameterized3 |          5 |          5 |       0 |    0 |    42 |      0 |      0 |    0 |          0 |
|                 (inst_mi_handler)                          |     system_control_0_sc_node_v1_0_14_mi_handler__parameterized3 |          0 |          0 |       0 |    0 |     2 |      0 |      0 |    0 |          0 |
|                 gen_normal_area.inst_fifo_node_payld       |           system_control_0_sc_node_v1_0_14_fifo__parameterized2 |          5 |          5 |       0 |    0 |    40 |      0 |      0 |    0 |          0 |
|                   gen_reg_fifo.inst_reg_fifo               |       system_control_0_sc_node_v1_0_14_reg_fifo__parameterized2 |          5 |          5 |       0 |    0 |    40 |      0 |      0 |    0 |          0 |
|                     (gen_reg_fifo.inst_reg_fifo)           |       system_control_0_sc_node_v1_0_14_reg_fifo__parameterized2 |          1 |          1 |       0 |    0 |    38 |      0 |      0 |    0 |          0 |
|                     gen_single_rank.inst_cntr              |                         system_control_0_sc_util_v1_0_4_counter |          4 |          4 |       0 |    0 |     2 |      0 |      0 |    0 |          0 |
|               s_sc_xpm_cdc_async_rst_inst                  |                          system_control_0_xpm_cdc_async_rst__13 |          0 |          0 |       0 |    0 |     3 |      0 |      0 |    0 |          0 |
|     fabric_clock                                           |                                           system_fabric_clock_0 |          0 |          0 |       0 |    0 |     0 |      0 |      0 |    0 |          0 |
|       inst                                                 |                                   system_fabric_clock_0_clk_wiz |          0 |          0 |       0 |    0 |     0 |      0 |      0 |    0 |          0 |
|     ps                                                     |                                                     system_ps_0 |          0 |          0 |       0 |    0 |     0 |      0 |      0 |    0 |          0 |
|       inst                                                 |              system_ps_0_zynq_ultra_ps_e_v3_4_1_zynq_ultra_ps_e |          0 |          0 |       0 |    0 |     0 |      0 |      0 |    0 |          0 |
|     reset                                                  |                                                  system_reset_0 |         14 |         13 |       0 |    1 |    33 |      0 |      0 |    0 |          0 |
|       U0                                                   |                                   system_reset_0_proc_sys_reset |         14 |         13 |       0 |    1 |    33 |      0 |      0 |    0 |          0 |
|         (U0)                                               |                                   system_reset_0_proc_sys_reset |          0 |          0 |       0 |    0 |     1 |      0 |      0 |    0 |          0 |
|         EXT_LPF                                            |                                              system_reset_0_lpf |          5 |          4 |       0 |    1 |    17 |      0 |      0 |    0 |          0 |
|           (EXT_LPF)                                        |                                              system_reset_0_lpf |          2 |          1 |       0 |    1 |     9 |      0 |      0 |    0 |          0 |
|           ACTIVE_LOW_AUX.ACT_LO_AUX                        |                                         system_reset_0_cdc_sync |          1 |          1 |       0 |    0 |     4 |      0 |      0 |    0 |          0 |
|           ACTIVE_LOW_EXT.ACT_LO_EXT                        |                                       system_reset_0_cdc_sync_0 |          2 |          2 |       0 |    0 |     4 |      0 |      0 |    0 |          0 |
|         SEQ                                                |                                     system_reset_0_sequence_psr |          9 |          9 |       0 |    0 |    15 |      0 |      0 |    0 |          0 |
|           (SEQ)                                            |                                     system_reset_0_sequence_psr |          5 |          5 |       0 |    0 |     9 |      0 |      0 |    0 |          0 |
|           SEQ_COUNTER                                      |                                          system_reset_0_upcnt_n |          4 |          4 |       0 |    0 |     6 |      0 |      0 |    0 |          0 |
+------------------------------------------------------------+-----------------------------------------------------------------+------------+------------+---------+------+-------+--------+--------+------+------------+
* Note: The sum of lower-level cells may be larger than their parent cells total, due to cross-hierarchy LUT combining


